account,name,total_orders_reward,multiplier
0xacd5f5d5cbcb52bdf424a87d9c66ce4b29d62f63,qvoid,157988,500
0xd0f46a5d48596409264d4efc1f3b229878fff743,proofofjake,122845,400
0x19e900f9ee644b19c566cf4351d15e763768140e,melon130,106761,300
0xa68db2947f2e155f3df2065235ab7007b1542eea,moula,98395,250
0xe185889d284a987773fdc1db2566a68719398599,jfv123.eth,94136,200
0x7f4e21b39d6506e333b9b470b3fdedd4fcbbc6e8,CryptoGaming,87594,150
0xa7c720266a3d834635cfc86f5249ee73164efb9c,ACTRADING,86468,100
0x41a2504348072d4d706b15770b9a3fd0dd6f570a,gink,83916,75
0x84bbcdab15beaf1dfe085cba7fbfc3aa2550e3a3,mathsonchain,82640,50
0x0e77e714c4d7bc65add388b7ee5247a947bc8fc6,murder_209,75844,46.73329985
0x9b52a3453b95b1d22e068e87853fb6be46e23eb7,Bake show,73981,27.73819689
0xba8a669738f217059a312e3f11c9b2e7344605c5,ducke,69486,26.04495229
0xbd68e373eee0226e245231b34bbfb8b571c5c509,Thismad!,67698,25.3714214
0xb90a5ed33685de3107aceb8359e9ebf1786b13a5,manihatebugs,67091,25.14276745
0x4d300a9b48bcef03daf16618bdadb5028ac15f8f,orange,66552,24.93972878
0x40c656bad5f3cd2379cc8c228acb4a1abfb20d16,janjan,63155,23.66009543
0x2651d2ecddc0afaace59fc463221b00c89a148c4,notastump_,62024,23.23405324
0x8f09eef679904f64752523f95db664039df278e2,heyyawn,60352,22.60421899
0x5f26519f19c0527f1d87c75c2b4cebf0d2f57767,JOJOKILLER,60126,22.51908589
0xb7baa1ed6d2c0df69b055fd1a88856a0baa83f15,Dinzor,59878,22.42566549
0x4c3c98f41bf55af6dfc64a45265c68c1e2281bbe,vicvic,55793,20.8868659
0xe706f6b5e7f9e2320b02a77758c9a0bc3397e0e5,overmillion,55255,20.68420392
0xfcc836c2bab4787a4556c3f01824c5338ec778cf,stump,51842,19.39854345
0x630ae416013fa03df63515f6679d169f32bd7440,CSJAYBIT,50564,18.91712707
0x24b54fb5dacb089d68e4be47d90098668e4fbf79,J0K3R,50310,18.82144651
0x8046108b92eeaa28b8970b6294bfd432dc382c7d,kaikai,48135,18.00213461
0xdfae16ec457a636d47f291a9721063180c124951,bimbotyp,48025,17.96069814
0xd11cdf270c7680a6fffabc5ffe8b7cd9610d8caa,CFMY,48004,17.95278754
0x86bfce728396e31c45cfa53181bb2cac093a1bf9,cmyb,47877,17.90494726
0x9c2fff9620d4e3b819dc86380fcebe9df0edd005,deathrider013,47583,17.7941989
0xd42d52b709829926531c64a32f2713b4dc8ea6f6,catrussell,44225,16.52925665
0x6fcc23e4e39df9451c5c38b5234e4ab92fb1caf6,CLKNPK,43692,16.32847815
0x1eb4f5ae6e14f6376b7175656994f58cea565c0d,hamzin,43517,16.2625565
0x5003a5b14530641536b9d6313693c0b0465ec112,kazeo,43166,16.13033651
0xd0fe812c64f1ef4a721ffe9820cba35d83922a0b,BRAN9910,42579,15.90921647
0x68a08ef4d4678ba6a8656b86284cae8491f8af67,OMG!Vany,41880,15.64590658
0x07c27dc4495ae6a7eff611177356815fd7195827,07c27,40999,15.31403817
0x72bf53ebd01e2f7831f8ce02aa4db4f70a566b94,hungraw,40789,15.23493219
0x32790dee22bed1916303e2c3f4253fc2cfc0c417,dasmallduck,40496,15.12456052
0x3154bcd4ce641cd726157d2cc3e9d9a26661d1ea,Bego,40208,15.01607233
0x3b4ebccae544ed631f896df42dc8eab714323dd0,bridgeoff,39559,14.77159719
0xc8930ed53226e10ccad4e7be35ad26b156f3a8d4,cirar,39243,14.65256153
0xc7f7b65616f846748f4a0860a92da82b27226d06,banana,37358,13.94249121
0x68520a87e3a2380ef2db9f7c4c7ea9c3f6a107c1,solomon,37149,13.86376193
0x1a68fc540c308a1ac343962c97a67ef0dc28bd34,joji,36717,13.70102963
0xf04089d365f9b4ad237e63b3b59fc04de0b10a34,hkey,36590,13.65318935
0xda12e2a23768536892285929bd394436ef696cfe,phammanha,36485,13.61363636
0x45fc589d92b389728927de68ec85692c3fd0238e,stumpedonbugs,36366,13.56880964
0x3546f7f0250cb895558f3b687950a41e9a4a37c3,ducky,36278,13.53566047
0x63be47625c7acd531d0e0bd35abfbd4573013295,doogle,36068,13.4565545
0x24ee548c21fa5f907df9c5f173d15e0cd6dc8c33,xx_C,35852,13.37518835
0xc88e055c2105583133305236c23dc5ce4e165d8b,obatu,34999,13.0538674
0xb3d9ac5a3b67c833abf381d3b762568777acf321,Jison,34985,13.04859367
0xa39faf6de4b20bdc77b817213d003616f4244634,mill,34746,12.95856354
0x6a98941a515c05804fcdf73173f28a8b59a8929e,15185,34709,12.94462582
0x0f017bb72660bf298da7fcdfefaedef513067f22,nguyen,34467,12.8534656
0x47985309d0c33fa75a3989f69682d61e77c37e69,Moula,34388,12.82370668
0xddc4f9b1c82ed1defa0f26a7057edebadedc2b06,gigadad,34284,12.78453039
0x98f47fc304309994be20d31853c37d186cc6ef1a,rollaaaa,34242,12.76870919
0xa6510a78f1ffd41f1acbcbb64b2c5118969f0fd9,PALDOPE,34092,12.71220492
0x2def317c76154d87e556c7fef5091550fc8eb97b,MARCUS,34008,12.68056253
0xbd61eb1016577a9eb4e72b02ca285b0d1ce2fbad,rogamika,33908,12.64289302
0x552de76b9510a7b9332ba11c1da8a8fefce8d3d8,CryptoYoz,33599,12.52649422
0x323c5545e5e790886acfc32d8dad2cb9856bf9b0,andreasta,33427,12.46170266
0x9213379185aa9ffed37f9322a5ab3e099cfcafe5,angee,33358,12.4357107
0xad39cf88be58bc58a499643cc86ba636bf98da04,blinkblinkblink,33294,12.41160221
0xf7d9d3a3c195abb090cde17c6fad763d3dba451d,awgod,33027,12.31102461
0x731bc776b4e68b1595916474dddb9b78e48fb525,junchai,32217,12.00590156
0xb5da9d1376b1792500b25d03e8532ac7becf0c29,murder_209,32076,11.95278754
0x60d2071bb886a6bca52e180626e25ca5e754330c,donttestme,32038,11.93847313
0x5728fe484785d4e2bc87569855bf802fe03ab45e,J0k3,31636,11.78704169
0xa0b08b718a332a1b7b2c9a6482ca5dfd87b7ee34,dustmrtn,31414,11.70341537
0x06f4db783097c632b888669032b2905f70e08105,vincent,31296,11.65896534
0x767b881f081e8b7267d9d8a7a0504da638013205,juan379,31125,11.59455048
0xaa391169c4957436ad883e6091fd1d31ec36a203,bebra,31110,11.58890005
0xa44368625eba8a3a6189b7f184b79898b22f4238,dabigduck,30934,11.52260171
0x724177a6b46d239c1cc50d04587a8826d23bd70f,qanoku,30928,11.52034154
0xa3eac0016f6581ac34768c0d4b99ddcd88071c3c,pet3rpan,30248,11.26418885
0xd2e44e40b5fb960a8a74dd7b9d6b7f14b805b50d,FAngel,30218,11.252888
0x6862a89280387ccab4979faa846ea49791ad7e3f,6862a,30127,11.21860874
0x5ee700e85a7d31972aed36e673ca3dcac985f1e7,biber,30114,11.2137117
0x7872734cde25ecdc520bcb090248f344cba66102,nguyn,30050,11.18960321
0x27fb8eafc6eba2498681e9f56c8c7a38c610ee54,weewee,29888,11.1285786
0x3c5e7ba4609ad86f9e2729290e89b9eb88967e9e,focg,29724,11.0668006
0x91d8b5299c217c0d4620e4b992129f163ed47849,Xarfox,28709,10.68445505
0xaf80e2feaf487d99abb3b2ead3567ea03a2887c5,mikapok,28646,10.66072325
0x73aa3b633ef64e82cce4a91ba0f48f1a3b88f281,damiddleduck,27725,10.31378704
0x22a676b52392591bc6c7caf51c14b38f5e0f3716,8888,27528,10.2395781
0xceca6d830af4271bf988955759110b94ffda47b1,MACCC,27439,10.20605224
0x21a93067e2b00222ade725179d68cde02ef2eb0e,seigexx,27060,10.06328478
0x78ceb23fb0610829ef8fe27b945548783f743c43,GOD.11,26959,10.02523857
0xf9bf47acbfc49fe8e874c3bbd4187421adebe9fb,BombaDil,26952,10.02260171
0xf2c519de56b2f3c99bf034f11976b72b9ac5f7ad,stev,26904,10.00452034
0xc9c5a24d0ba4f52764a6a629e4036eedcb1ca99c,boov,26889,9.998869915
0xd5e71be908c59e9b6f43b1459fec5bea3cb4349b,autonomouschiny,26736,9.94123556
0x2903cc0335cec1358c4d6e1518d0ea88200ee562,brian,26726,9.937468609
0xfc2f7e73fe4241cfb59f5d6b72ff7951867cc8c0,jackson,26377,9.806002009
0xd62b766c37ffffcdf34e7153ea7764d897d14bc3,meow,26330,9.788297338
0x818f873084a525de08981122a81a46d5718d2b7a,stompy,26316,9.783023606
0xe717db73905b7e1cc76d79e59daf9819afc89d1f,nico,26196,9.737820191
0xa25b2bcceca52bf88f013a465929dfbc9684e8df,dustt,25935,9.639502762
0x97606763a7a2227db0c2e58d9b49abc9c4f47f29,viettel,25828,9.599196384
0xe446235a189bda03dc0e3dd65378e03f8dcc4207,vnammer,25821,9.596559518
0x089a8797d93211d65b9bacdad72f6c85feba2716,jazz9910,25541,9.491084882
0x3fd0ef5e035871ab6c9e7dbc4dd2f2ac2e58acec,seven,25426,9.447764942
0xd6418e4782ef0f4641ca4918cdf0cfa7550c419c,zeee,25236,9.376192868
0x2eb34720c0f32d4a2a125b48022a72ed475a1c1b,bober,24900,9.249623305
0x16a79fec5131f3a7c2d1f5466f47a8c575f81792,raptor,24655,9.157332998
0xf2eaae9d87419ae9da32516c8ec73a6b88472ee8,cdone,24567,9.124183827
0x50b987bc229439bf6957848f92b9160c327a6aff,Skibidi,24514,9.104218985
0x84697871e8a94c0601297bbb1be7e193659a871c,mankeer,24479,9.091034656
0x70069911475783b9aabf127fa27008bdecd3c394,fdfg,24344,9.040180814
0x7429565535c97ce317a881f7d08261af558cf678,20100,24086,8.942993471
0x27160dbea0d66b29553b0b083450cfa51805fec7,5FEC7,23973,8.900426921
0x83c0af8199886d498653ae179089b5a575ca1ed3,shiny,23638,8.774234053
0x1d51a1791ffed9d0438f4e7f94637118117b731c,kronos,23410,8.688347564
0x658ee9c0d8e093fb194e8d90578000fcc15bb462,datinyduck,23136,8.585133099
0xb685413b8f34011522295676a1477bb761e92ef7,Ditto,23078,8.563284782
0x13eecd1897fdb0d57ec00845e725150e304dbba5,urmoma,22990,8.53013561
0x4e5c4c385bec48788617b4cf645e4c4d05554a38,pukemaggot,22908,8.49924661
0xff825b37709fb90d356c468d2cbc73b53eb341e1,jesusitropbeau,22849,8.477021597
0xcd73321eaa47d3c827287747b0bf26eaa85457de,pppp,22768,8.446509292
0x96b290e5bf4eb54f31d843b906d850485d2b728a,alvarius,22649,8.401682572
0x10bb170668c7246133ae6231500743881ccca299,obatu,22250,8.251381215
0x31b76b7c75696679b1409318d2f7ae1809ee507f,entername,22148,8.212958312
0xd386904e594788ad262575f1eca180540bfc1441,JOYJOY,21674,8.034404822
0x37514a311dd8381855b109ef6749b59168b050de,BELLA,21042,7.796333501
0x134f240827dd4b047942589998a163a2a1002f1a,zen123,20929,7.753766951
0xe170e5a82bce90d7e3e15d4a323a3e927c4fcacf,yoou,20871,7.731918634
0x4a1ca83f53b88b713a95ff032ae5cb123e40c598,allibuma,20640,7.644902059
0x109cf17dfcbdbb30b2e1caa74b06fd709a3d4e53,rchmndklvn,20544,7.608739327
0x2c29b9d54e2d7dd24c4612f4ef15a7317f3e4472,gungrave,20102,7.44224008
0x34bd958fa9412b617949f2d2282d7417c4c92d27,Norton18,20056,7.424912104
0xef886354dba172a9bee572a04bd524df05cc9536,SALUDO,19967,7.391386238
0xf126b36f3ba06ffde6d82a36b21caf53c657abb0,Angelica,19844,7.345052737
0x376ba232497d20beb726759a397ff323b93c0b27,yz2442,19712,7.29532898
0xba1ae65237537287f107d7be3864e83c138886ce,diney335,19697,7.289678553
0x83929dc3257954f743041c3f2cafdcbc06647057,gonganz,19592,7.250125565
0x65f12f45403524ce49c5b58df9c06364ac54388e,OGOGBANDO,19526,7.225263687
0xd61a83de71bb22ad492108b1368102426af9f722,booboo,19340,7.155198393
0x3f8e9a201f12ebd49b712ad34528480792fb998b,yummypee,18949,7.007910598
0x07073c105a560e9505a6bb90b2e95c3ef2b47486,daminiduck,18814,6.957056755
0x6592ead6ead911ed51e7e22c045cceeced8e9681,caleb,18630,6.887744852
0x4718ce007293bce1e514887e6f55ea71d9a992d6,steady,18614,6.88171773
0x7dec82def934578be4c0db5bfd154f9c88b17e42,cell,18595,6.874560522
0xdeb189b0f2681d9de6b07743b7090f3f840feade,henry,18522,6.847061778
0xacef91efa4e7467186e133d0fabb47ae1731cd9f,Gssnft,18490,6.835007534
0xdc4e49244042478d1fc6552faea40b32ebd30826,MEATBAG88,17742,6.553239578
0xbacffb43a95104649aeaf90de775792bd3cb4485,baccff,17699,6.537041688
0x3ab5af35a7f3ccbc6776a79a4a2af6f83b1075d4,peterPank,17416,6.430436966
0x7e3845009b878ce38fc68f236b8957c1951c2b86,meatpop,17101,6.311778001
0x502166d043ba1e7949f6e7fdedb744c1a1c2b465,ULYSSES,17098,6.310647916
0xf8b321738e67bc99b7070633d34ad2cbf4a4cf54,ppooq,17024,6.282772476
0x136aaebfff6dbd16e3df7e8db860987808637bde,dfdd,16988,6.269211452
0xebdbd504f79502fd31240457157e4005688fdda5,arch5tanton1,16920,6.243596183
0x1bd29274f115e1d9c6c843ac4d81d59d3aa09fc3,friend,16835,6.211577097
0x0f170e97a52c465dbfffa573370e403f703c7d73,sxff,16710,6.164490206
0x3e0fb8d26ce22ed3b1a26e94b60eb0fbc81ab575,buglord,16708,6.163736816
0x327740198efd2321888feb87e92c248de50ddb4b,AUNT,16600,6.123053742
0x1bc38a0df775727789ba3b3fe4bbb175320ec11b,dagiantduck,16486,6.080110497
0xeeba46d9ec8edc38c615e3330a8935da965af80d,bbqyu,16381,6.040557509
0x50b4d02510b3c0fa62eb0c1e919d2bcf501e3786,wwwer,16369,6.036037167
0xa7cddda0f00d12749398a930f3be0d4a924112cf,ddeth,16369,6.036037167
0xe3f34be0af7d014f851aa1d41161920f8c8a704c,ppgoing,16304,6.011551984
0x7c986b2b5a4fa662904cb4284dd418024f1a744c,tyson,16230,5.983676544
0x5bb96c35a68cba037d0f261c67477416db137f03,0x5bb,16074,5.924912104
0x9628006f30da5e03ba6cd9de36bc0a72955a1d29,ADOI,16050,5.915871421
0xb51fbfe23a4bc4b6a4c45099f9ffbb0af5c221b5,cregorie,15909,5.862757408
0x5ba7b8dac89daf635aa1b7c51bb97c78d602b231,quang,15766,5.808890005
0x7774e0067e76aaa0c96eed895b48dc7787bb1277,kevin,15672,5.773480663
0xda51d5d63f2ad4f4acec8fbd1540cf9967c3161d,nana,15214,5.600954294
0x66c8a30241d42819255e469929a8b8017c22c8c1,meat popsicle,15197,5.594550477
0x9410612d7618a13e28f8decfd9f022f2076b0e62,vanishk.eth,15038,5.534655952
0x415a643f806bc8c15314a958f706904182b9042b,tester,15012,5.524861878
0x2b2248e158bfe5710b82404b6af9ced5ae90b859,zalupa,14889,5.478528378
0xcee166af55500d1806a6952e6d79621e6381cd0e,Edgar,14610,5.373430437
0x1ef3f568ff9331ee64a65ed68e5d83dfa3005bea,zombie,14603,5.370793571
0xa1c80e03f568846e1c2e074edf10262fd1f93fa5,proxyagent,14508,5.335007534
0x9bdd2fff74b50eebff02e8563e81d9fd6bc73d63,momax,14502,5.332747363
0xd64569c334b757c5a50b9e6f5efdb78ff8897dd9,cesar,14502,5.332747363
0x435d821ee5b346850545cb18443ca9808a9d47d0,nicabar,14430,5.305625314
0x09c5e9c91edad6f68390f2f5723f7c53319ab689,amimi,14426,5.304118533
0xe0e4b5696dc7719a60c2d80778e42e33abdaabe0,thegoat,14358,5.278503265
0xe96bbb7762d87c1fc5839f595685dbe6ad1fa4b4,dfsdds,14308,5.259668508
0x2168cc47e2c3a4c8d4617c3f25da13d007752c08,errt,14262,5.242340532
0xa217b776335d962f2d9c0ee24e7c894fb2a6373e,god.666,14208,5.221998995
0x54df9eedd4bca708c98a4b2f35e979af9452cfcc,fingeek,14074,5.171521848
0x852f7ebd76c7e7aa3253ac4dd2b24d790208b35b,lorisa,13982,5.136865897
0xb1f3959855648d704f4ae639629a7585432102ae,Blinky,13954,5.126318433
0xf9c18ec5dfeb9af1ed747a2903b841617ffd2ba2,dgbhaiid1,13948,5.124058262
0x97d4efdb5e44ae1e65e44bb72471058c42738306,97d4e,13911,5.110120542
0xac76357da2effd6f6a81d5beef3ba6a25b5e4ee0,dgbhaiid,13592,4.989954797
0x949b1fe8b1860e51fa550131eb0f21729ca68a1a,Scissors,13562,4.978653943
0xc8b047c30a987e87ae0df0660800157b81577506,zefro,13378,4.909342039
0x0db2d1e50ba864ae9e325fcea6150c49aa51c616,connan,13252,4.861878453
0xfe1c41e20c1b5bb15da6541ded0471ccf56b64c4,phizer,13228,4.85283777
0x470f55c56176df5285c62d34176aeab8ce5fa35f,legless and godless,13188,4.837769965
0x05f1b900ede286fb7565d8b0298562eb1ecdf77f,rollcamsa,13060,4.789552988
0x8d138c01765483cb79d787ce5933f609cbfdabcf,Humanpylon,12956,4.750376695
0x8e9e366a95dea6f1aa1ce37dced526b27a2e63bc,blinker fluid,12956,4.750376695
0x9ba66d32e58f7bd5009778c4ca6c997a360da5da,dgbhaiid6,12872,4.718734304
0x5abdeb62a2ab02b83235cc4fe974800f449cbdaa,azakalam,12740,4.669010547
0xc31db2e710192791b65de43d4b84886a6d770322,fingrok,12722,4.662230035
0x82d09a6a6b7d6749db42d79399ef477f0dda45bb,82d09,12628,4.626820693
0xa71369bffce842e0d15addb2ee0a124700f7240a,dark,12548,4.596685083
0x6f1aad87bb607aab7b2d77de112a676cb49a0f65,0x6g1,12542,4.594424912
0x9721ca5df1a41bd385c4a6ed9d02164eca2ccaf5,dghbdqiw2,12502,4.579357107
0x6dd4766778fe61836ea8a2869e06a85fd707b389,MEATBAG88,12462,4.564289302
0xaa168eb909381fd7cd686d6dd1ecda6095f839cf,motorola,12352,4.522852838
0xaa7608917e5555fba57623f13b31f79380e61f6e,Foothehappy,12322,4.511551984
0x7c93d0164c0fb823eb6841edaf564b34ae5f2bf7,cdseven,12282,4.496484179
0x7c8ac31a55d50db15fb79ea8fa002b27192a9fc1,Bigpiss,12238,4.479909593
0x737256e3b6cbb8ddf07d073c22b10bae09c08082,kemaboss,12142,4.443746861
0xbffb59b3512bff6ecb792ffbb8efffa091dcd83b,dooogle,12140,4.442993471
0x8c1c844c52547c65c647c8d5c527254bd9de9c19,dghbdqiw4,12054,4.41059769
0x38bbd375d49d6237984cbfa19719c419af9fe514,dawnxue,11903,4.353716725
0x80f76e4fc20be6dc3c73536ce3ed02121f70b2ec,dgbhaiid4,11884,4.346559518
0xd67c34169b372d5b3932c548a940d4ea74fe7af5,k1ic,11882,4.345806128
0x1768bb1a213ecd473e9fdd4f40bc33f66f736733,lil stump,11845,4.331868408
0x3b348607daac16154257bd7bb04556092809e1db,bigdada,11722,4.285534907
0x1755d87233a397e8fc02ef275e4e783418a5bd16,dghbdqiw5,11638,4.253892516
0xf905d9e1dc09828b6e05abd9d326e507324e8bae,dghbdqiw,11638,4.253892516
0x2d10606b4f1ed4693182bf4e5677ab25c6a4f23b,junn,11632,4.251632346
0x8f87cf667304968a14b61b66e841208caa6df3b2,rory,11496,4.200401808
0x5cd316300e4b01048af69e403668be9d7f07851d,flipdog,11484,4.195881467
0x33ddc093e483592e45c24c7228b307203900dbcf,sdssd,11402,4.164992466
0x59acbe3dbb5a97a320fee35c14995b45ab946d6f,dgbhaiid9,11392,4.161225515
0xabf66d77ed027552298f6081131aa6afa86957da,scat,11350,4.145404319
0x43e7f3d02aa5166ed14209f65ac74c68f962b763,John#125,11260,4.111501758
0xc9c022fcfebe730710ae93ca9247c5ec9d9236d0,frolic,11124,4.06027122
0xb6fa3d50d20aab34a9dbb07349074ab06ac6cc68,b6fa3,11102,4.051983928
0x94bb48ab536b0dd6d196f2bd911135dd7e703b6a,dghbdqiw3,11006,4.015821195
0x503a47280852033dcdbdd113663ff9e6e7a0a338,junger,10854,3.958563536
0xb40969f60bfa246a09593099dace2ddd543254a3,apix,10718,3.907332998
0xb2e0f4dee26cccf1f3a267ad185f212dd3e7a6b1,DIGIT,10572,3.85233551
0x01abab5819cbb66f8586a1107cb073118af21e20,FLOWER,10384,3.781516826
0x50dfe57bd952eb25c98005f5153648a1a9378d57,LOSINA,10346,3.767202411
0xb6198a36b51351fe487a0766b83c6c442132c84c,0xb61,10302,3.750627825
0x1dcd8763c01961c2bbb5ed58c6e51f55b1378589,cameron,10284,3.743847313
0x4f90602d770dd86a51091ef679857d0b844bc9ee,dave,10266,3.737066801
0xc904eab1782e32a8fa1f4ce4f35310434a5bab8e,uytc,10260,3.73480663
0x34704fe91cd7991602b7bfad0f65300e64e32283,LINQIU,10100,3.674535409
0xb0a1e703832b64b6e7552e0e186766fc497ecbf0,bigfish,10088,3.670015068
0x155e9bdaf80d12a9cfa996cdc3e4ef0984a48be0,propanizard,10056,3.657960824
0xd1b31136506960dfd110202abe6a6eadf9b591b5,Bobzero,10004,3.638372677
0x6ab02e6e1307284da34a1e49c56aa8bdccaf36f1,Eldritch Hollows,9940,3.614264189
0x9d5f47ae3e0d2837d46802c12640dab160970a30,will3f,9918,3.605976896
0xc439efd67cdc7545c802c3cad354972e2a9f2350,guts,9872,3.58864892
0x0df3206a98f9fead898cd5bb8ceda5bb8dc9563c,tacyturn,9816,3.567553993
0x55004ae183e5d5048792dd42eb9e0853df9112ea,55004,9792,3.55851331
0x1d1d91c641a5de63c69e3f67a3645be9dc7cc46f,wente,9754,3.544198895
0x907b79a32f2a6e5f66a44eb1adfeb5820fbbab41,shiro,9720,3.531391261
0x5f988037fa14919cb451bb4b8508a1815df95bda,0x5f9,9714,3.52913109
0xf23a9799fe0011acb4326306a539b88644ac19a2,minolius,9640,3.50125565
0xb5291808d86c809771c26ba8f95e300fe6d03779,nolimbstump,9628,3.496735309
0xd5be557d4451b86f7d0adb5b8d727774f588e4f6,mate,9614,3.491461577
0x00650eb180d294db55514cc24f3ff17cf2773298,gokku,9546,3.465846308
0x8b2d84abea4de54c8dda04537730948d51358788,tkws,9424,3.419889503
0x766b8ca3c1939fff92ef0bb57af6f4d504b6b903,dangmy,9302,3.373932697
0xc5ab5dfcc104a9c81d678732241a00272d32ee6a,ckkc,9200,3.335509794
0xfccf6425b712fc2413807ad990a3f16d07893ef2,pale king,9180,3.327975892
0x4ae37842221b1e1e55d8f64aed7f20176ff1d69a,gbao113,9144,3.314414867
0x4939e5e02bac3340562c2089c94251a195ccd2ed,realband,9096,3.296333501
0x543da850a9dfb64bad9af1c0297f2051b65f3ff0,0xfrak,9024,3.269211452
0x13e697951487deb954f9a61b5eec2e44da7838a6,ddgame,9011,3.264314415
0xa85c7138790d881a34b0ddc023c7da25588e5d11,waaa,8994,3.257910598
0xc60a7df0f43a3925707937ace8817bb8259d2269,dekabr,8884,3.216474134
0xb9bb7f9c65a4c6c4eda012d014e8557f7d12c85c,Muba,8807,3.187468609
0xca5d6983600167c4d9d6cfeedda69140cb206707,dhanh,8780,3.17729784
0x330d0b88ca5ba0fc1425af309588ac767897824d,lautaro,8764,3.171270718
0x5790686029107b05a5d8486704520b752ed290ed,xlien,8734,3.159969864
0x29c20a51b39d001a45ce67ecd68c58d0499e58ff,OLD8,8682,3.140381718
0xa1337813843dc2a76ef9e2abfc1f4d4697e4719b,todd,8672,3.136614766
0x7a5e29f82d0bab9bca9e01b42b0e5fbdab8e7c85,10tita,8626,3.119286791
0x9d91afea53bff89c4fb734a78e78fcfc2aadb3d6,brian,8438,3.048468106
0xfc145793e97db9656da87f52366188f72f346692,junkrat,8358,3.018332496
0x155012b32d9881b571b3bdb5e16b5a8b44445a44,shinosuke,8334,3.009291813
0x9d06485485f7e2ea57ded809557f6f4e82c1bcd8,enter game,8315,3.002134606
0xde2437e813037bdea719848ab99d056c29904bd9,capejuga,8271,2.98556002
0x746edb3f271aa7a650fb492b56d5a2030d300181,zeydrm,8190,2.955047715
0x468d033f31ad3033f4adc2c9a0a7be801fabe8c1,pasttm,8174,2.949020593
0xfbbe8c600d6ee8a41bb59933faaddf13dd0a2ca0,fbbe6,8036,2.897036665
0x8165eea2ec7c4f568256225d715e7834afb2c0f1,Lamia,8022,2.891762933
0x0869761abef6dd0f8ed9da297bb1b9a77838b6b0,tehu,7863,2.831868408
0x43fe47c745975aca943babaa8231e478e79a698d,gminh,7780,2.800602712
0x0cd185c22aef93748ac13808d5a053178adb2825,bind,7779,2.800226017
0x1d058e0034ca39497994a9f25b0121e4c6209e50,slimshady,7676,2.761426419
0x340c860a64e225462f9ddee60ef5c6c2cf323f74,kiss,7612,2.737317931
0xe0d5d61a085f281393998f5759bd510eaedd52d6,ngatran,7588,2.728277248
0x7a01a236b5e82f4decbc43d371a2253b11afd2df,joat,7562,2.718483174
0x244fcfbf7f274ceee71b8dfb95c922174efe7e3b,gorked,7442,2.673279759
0x61cdf9ddf8ebdfbed97f32caad875010ec7b5959,rutwq,7398,2.656705173
0xdad990413682de4be1942ed5219333ffe3474b4a,kngoan,7374,2.64766449
0xdaf368a8f8dc0c3fa76d9079f2277003f01ca31a,balen,7364,2.643897539
0xf29ba3eae32d9db6c1a086213abccefdd97fb6c9,Jacobmatters,7356,2.640883978
0x1cbd802c62ae4e44277a7493ac7c88fa07b24913,sparg,7325,2.629206429
0xac21331b4b8a14a7230db1412bed6629da4248d0,sludgy,7254,2.602461075
0x1178c248d3d0b39c84ac3bbdbee33474d70bf5e7,1178c,7228,2.592667002
0x1627a193006aaa11064e5a4dd1470cd6c5b563fd,randy,7223,2.590783526
0x3d2c8d1c8eac457089ac5b3a24ed2aa7136f3774,herro,7221,2.590030136
0x097c991579ffe7a2a31327bb92409b3fb55145de,SALMAN,7210,2.585886489
0xae4e43d7912b6400f5e81d14b970812f712d38c6,Bauletto,7060,2.52938222
0x0e0b5dc9db7bec0b1acfb100e543c99a96375643,vanthu,7044,2.523355098
0xa883e67ce662738e7733b0e7e366df0ed653487c,dhoang,7044,2.523355098
0xd5b3816613a0f29274824061740f3647c2b43077,htrung,7044,2.523355098
0xeb5cd7f76401ff5fb96aad009b9617961ba0e8a6,Dunious,7038,2.521094927
0x2a0e1c741e055d7af4213028ccd69fc77299bad4,leet,7025,2.516197891
0xfd7b48dbf0c2f27846f53b8968f21bc494348c2e,IGUANODON,7008,2.509794073
0x47e8272c80840030af6246f38f5b48cfa91ef86a,zhangfei,7006,2.509040683
0x3dfcd25c80d657a6d84bee47931ae3ead0a2356b,TRICERATOP,7004,2.508287293
0x4eb59614dc4bc9edc26f424ade82ffb5b6297d0c,tyrannosaur,7004,2.508287293
0x5a5e785f91e20eed671401a0721675242c3e46a9,brontozor,7004,2.508287293
0x7b0f30b92a378a55d76e5410cf43ac0f59833e6b,triceratops,7004,2.508287293
0xd0cacd7825b005f89149260a6940642d20f1443e,PTERANODON,7004,2.508287293
0x245ca997ceb4a1b07869d41ea38ef59b0a934b62,Scandalist,6858,2.453289804
0x7ffb82ed06ced2ba4c5971e07a01908fa075c992,ggQUESTAMBASSADOR,6844,2.448016072
0xcff43162df29e4abaedba70d8b69b62da75a254e,flange,6842,2.447262682
0x485652319d5047d47998d901f8285fa279760db6,Kevin,6745,2.410723255
0x19f2051cc3840896f72de33cce45e4e3a926768d,Yelang,6714,2.399045706
0x5c6e6daf1121eed477bcc54bb406c94dce5839e0,peradaban,6702,2.394525364
0x6601a8452510565206c846241de25270e32da8ee,raisya,6702,2.394525364
0xc875c58f56a34ce91b235b1d37480f2d91e82d7b,lukaluka,6702,2.394525364
0x14f4d3d4c273fa678dc9983457471000bafc32b7,tram,6650,2.374937217
0x28b4de9c45af6cb1a5a46c19909108f2bb74a2be,katiewav,6640,2.371170266
0x2e184742dad3ab06fab11f36fe68cbbc244433e2,wccc,6630,2.367403315
0xf16ff67eb1e9b5e7d11bc9e53740dec52aa9b30c,fullpower,6577,2.347438473
0xad8c8f23a34a7edbd221a4b342187f9b2f2cab77,wenby,6556,2.339527875
0xd845d88b34d85f12f7d38c39b6d74fb196ab84da,babac,6498,2.317679558
0x386847fb992153dbf05f3eca9be1282b1816008d,malik,6470,2.307132094
0xa4730d396645e040c04cdfa905024e08b953ef3c,jihad,6464,2.304871924
0x5ff1ca0ba4e30c486272077d324313c493d92f65,0x5ff,6454,2.301104972
0x667494371da1cce7270bbb47ac4b9a3cb350b11f,0x667,6454,2.301104972
0x97a49f4342fc8d2ec827d43c1f16370efcb725ce,0x97a,6454,2.301104972
0xacddb7b2e8e8e7666813f3e9c696e5589a9a0357,0xacd,6454,2.301104972
0xd89e307c17510ce49315550b0b044b83da625f4d,0xd89,6454,2.301104972
0x64473e07c7a53a632dde287ca2e6c3c1ac15af29,shora,6434,2.29357107
0xfe0f49bf2e1d4e86a79190616a06fb40a6c61621,biscaryn.eth,6424,2.289804119
0xb1410f6e771f7ac2e93654b117efeb8d906ca038,ggbtc,6374,2.270969362
0x2f74fcc62c7520a37c3f1c349018e569fc4287cf,opuit,6362,2.266449021
0x2d2fc07d58e900a172dc55673f646b16204f3dc7,wweqe,6302,2.243847313
0xc7f0e371df343faba073d4c69cd7bbb8722f442a,0xc7f,6288,2.238573581
0x9a34e98eff7f1b781c42ff496e1e5419bd9f60b6,metaph0r,6262,2.228779508
0x32ea60e7f669b634f1262fa91bcb1fbb41619a32,TSUNAMI,6246,2.222752386
0x54c64a2f14fddee4b22160281876d948ca569eae,menghun,6126,2.17754897
0x3b71229249808e055dd22b19fb32005dc55b791b,phlegm,6068,2.155700653
0xda08796024d69a1da5067434b0d458353aaba83d,demeeeeter,6066,2.154947263
0xb12d6ea00b6e06ff3d532b94012d859cd18490e7,ooooo,6002,2.130838774
0xd994a5cf8c2446d2b6bf1b2aca5a95bc60be9d60,ppert,6002,2.130838774
0x7f4dcb7ceb02463750ac925c4be9bc2613ca2874,danh,5960,2.115017579
0x96e038903e38411e4a3bcd6e1092ee529805654c,tnhi,5960,2.115017579
0xf602f6452eae4b0f42d624ac47ec553085616385,thanh,5960,2.115017579
0x86a1d85aa48343527d659a5682102d585a4b6fef,ELVISONEYE,5936,2.105976896
0xc54ee784687dd27231abb71617f6b54969b29164,oppo,5924,2.101456554
0x15c3ecd46657c2ed4796d10923a7026303627b18,bugsbugs,5914,2.097689603
0x1832562a01a06a33e695097302d047e3c1bc7fa0,IHATEDUCKS,5910,2.096182823
0xb2ae46dbc45ed6c69be2ab38d850f88ff89893d5,susiqing,5910,2.096182823
0xf841c30cf8d66adf97b0eab5fd68efdfaebc2b12,STUMPYMCSTUMPFACE,5910,2.096182823
0x49d7cd78a7387d4eab44e8bfc55e11dcec046d19,ethqq,5876,2.083375188
0xaa852cb70150a769e7696a5905c1714af902e783,danklife69,5798,2.053992968
0x83dd3e563eb987b565188305bae588d74606d124,Uncoordinated,5784,2.048719237
0x8d0ab7c48602578d6e93d4358f44b669ab68cb00,kkangsars,5714,2.022350578
0x8bc380567e58920eef1eb79cb4e1740525a8246c,BLIKY,5646,1.996735309
0x74c1d29578add4f5864cda498d02cbd488fea23c,dtrung,5618,1.986187845
0x6fd3c3e14e1b4cb96fb1a35b0478e2235a69ec71,blastopian,5600,1.979407333
0xc11e5b31008f3750b43f006c3026bed653888e07,IICCEE,5556,1.962832747
0x57a357275c9ded3a36df0280c1eea55687ab3857,conans,5542,1.957559016
0xd7c3517dbcd729c6eb36c1b393fed84295f8a048,pluoto,5538,1.956052235
0x00cf344aff3c03f1796e34062b0093905ebbadb9,testik,5510,1.945504771
0xcbedaae62e9b5397775be09396f2a11ee693aeb7,paintmeyellow,5478,1.933450527
0xe3517753a75d026bb7f07392fd2048806d321b38,nyig3,5416,1.910095429
0x5dd6a440cb684f3043af853136bdedeac4934532,name,5408,1.907081868
0x32c0429e57b4dc77af9645a6e72917ed4819d016,maker,5358,1.888247112
0x6b6a87a607c19a48965821145bde15bd4e1ebe0c,0x6b6,5358,1.888247112
0xe1cf14a22772376deb3b0911a5b502512982905a,0xe1c,5358,1.888247112
0x46699f63d4a8dff16ddab936df56341f340f0657,monica,5352,1.885986941
0xf0cddf473522ae917935aa5c13a4801814428aef,citizenhashed,5348,1.884480161
0xd286064cc27514b914bab0f2fad2e1a89a91f314,beanboy,5306,1.868658965
0xa62d214750455c043c25dea89fecc8724f61e45b,CALC,5298,1.865645404
0xba91fe7b317eeebcc6e4979e3f432f3e2da2bcfa,poor,5292,1.863385234
0x1ba2a537a771aa4eac2f18427716557e4e744864,joe420,5280,1.858864892
0xeb314523283333b02a69bf0bfeda0cfa36ba344e,mister,5280,1.858864892
0x16a947badbd59423875ab3b8df91a892a01ef8a8,ppeer,5266,1.85359116
0x3a75d92aabeb1ad25657b4114dd7830ee9eed54a,eeyyr,5266,1.85359116
0x44fd6f2b0195d2135d409a3a73dbbd0fb6b279c7,GODER,5266,1.85359116
0x173774ee1380122a979232ee14b98cdd45c318d3,marlboro,5170,1.817428428
0x8874df42bee72cbb44279d32443623291ed8b116,zvenice,5162,1.814414867
0x80fbca284730c1c0662402a13d76b870fa3aa202,gavin,5148,1.809141135
0xdb4e664e5ad83470eaa81ee85445a59004b15c18,NAKA,5144,1.807634355
0x7385ac42a1c4103bba70085fbfce207a1e4e86dd,Haloooooooooooooooo,5124,1.800100452
0xa151794e60a0969aaed2ecf2ce01e8359908f457,dismissals,5101,1.791436464
0xcb7572ba9a60047d5884b98578e92af153855cb6,cb757,5056,1.774485183
0x601aeee09413eadc6e69d144d71469042a6f530e,abah,5026,1.763184329
0x1363479c75f649651754ab605ee3ebc24e077cd6,blen,5024,1.762430939
0x6c050b5ab9c831c7eb4f7cc577ca2cb78331f4e6,salsa,5024,1.762430939
0xa4b0281e0e531660dc16d6a5860842af6b615e4f,trung,5024,1.762430939
0xb943e0db9c01cc65890a3ba3eb8d39d7a549c155,thuthu,5024,1.762430939
0xc3f5c9947ce4e4a965435a2edb989e487237d312,retiredpepe69,5022,1.761677549
0x940e5781ba62c57212dbaef5fc0a41066543fcde,DEMON,4968,1.741336012
0xed1c20e762cb25bf9caa938513ff215daef6b0f4,laprincess,4964,1.739829232
0x3641e22869119be3cffe54bc435e9d72279ab0d4,cvakoz,4940,1.730788548
0x1864e1e27979eb911c6ba27cee7770fa7175c02c,Charlito974,4936,1.729281768
0x128dea78b1890e3402ee1c323e91a392a78bfe23,dghbhoa,4916,1.721747865
0xb2b557cce11a9d05d4df1dcb89fec2a6412b4b53,chas,4916,1.721747865
0xcde85a864a551e30c716df3115922d53c5ee271f,bella,4907,1.718357609
0x1d97e3c1e62cbbcbfff74294550e670e3e9e725d,hinna,4898,1.714967353
0xb970df834f589b269af9be54386e42ea890f0bfe,iho1,4890,1.711953792
0xa22410ff4d35a573472d23b77aec01fd6506abd9,bugsy stumperson,4833,1.69048217
0xe66dc9470db6aaed3ce50f371eca4ec0b4fa6b91,Selo,4816,1.684078353
0xe8cd27f165e8d989d44e570de8eaf32141fe913b,ccdfd,4780,1.670517328
0x5973f523d6714d5f6902ecfc864ea78fe27208bd,higgz,4752,1.659969864
0x5c59be33cd2621e4d61a13535263d14b0e8ed8fa,Oaee,4748,1.658463084
0x08efcde8cf435eb9e2aa0c3535757dabff235082,opik,4746,1.657709694
0xefbaca68f1738103a77c480e271ce77e7997ebcf,VAnyllar,4736,1.653942742
0x5f18dac42672b34c1a9ddb3307572ec5ac20e786,hanh,4730,1.651682572
0xf804e2e4f84926ca1d7aa5f0d32010ff6d17caba,ngoan,4730,1.651682572
0xceb8c1227b97c1f19e4d20f450c6482f8a32df2d,redzi,4692,1.637368157
0x7f3150e6812666301aa9da5c7c3205da3cef28e7,PASTERNY,4686,1.635107986
0x497336ea24aed7e66808be54eb5dfadb72769341,nano,4684,1.634354596
0x707cd50c0f20ec5b9384113ab6979d8512d14d3b,DNA0002,4662,1.626067303
0x7db1d0d304abba60f4dd1e8368d2627682305f59,TSOA15,4662,1.626067303
0xb19ade8f06f21067444a5eff0a5ce4ce79873d29,Thr667,4662,1.626067303
0x04c438d5cf65f358f01ee66eb7e58b945783bc20,koala,4654,1.623053742
0x48bacb93c841fe0d986f72a223f7fbc8c83b6e02,faskal,4654,1.623053742
0x8a398b1b9e02050110a23ffca8f0f1447289ba86,hoang,4654,1.623053742
0x938ed172918682dd819c03b643915176de822e05,minh,4654,1.623053742
0xc2824f9fdf77f280c5a7731d687edac8155c980c,wwww,4632,1.614766449
0x64446991ef7f411f791a3d40c19895ccc3facfc5,porto,4624,1.611752888
0x48c436785d671182e63ab0286c0d844e5cbbe7e0,poskai,4600,1.602712205
0x1910b089e8f022050232d094efa58308788039f8,8us_,4584,1.596685083
0x7ec7d36b751192dd5ecb0abdd714e0296a6751e8,HOLybacon,4584,1.596685083
0x9eed555a7b54471a0808cec8d176980323674bc8,NORI,4584,1.596685083
0xac80d8f67433e29ac33294254bd4329f7905f7df,SATVA,4584,1.596685083
0xd2d8cd40602f945099788db629ec06b7f1af4252,senphul,4584,1.596685083
0xecbe76eb784a1ec0aeb49c2619d0c7b3661b88a4,nano,4584,1.596685083
0x82c74e3d57cc3394dd13f97f5062b43fd4b9fcbd,yaebal,4576,1.593671522
0x4ddc1515ccc92e20e952454d2a48e7ee8d924546,lollipo,4566,1.589904571
0x6cde8ee6edc5468452be5c0b8bc0e9f09b247f58,kidoyyy,4566,1.589904571
0xaf2dc1741dbc911755005fb89018f69121e879f9,erekle,4560,1.5876444
0xa6cbb07cca9ef8cc1a19373849308007ea54d860,minergg,4555,1.585760924
0xa40171791b3d57a9ae76bd808ef5a8f99998265f,onurmert,4552,1.584630839
0xef1ade0d33cf8553c6bf8926139035731540bad4,Bad4,4542,1.580863887
0xbfb6e7b0c1e5b462815e06270ea937112da3e682,manegame,4518,1.571823204
0x6d07e1fe1764f05df8673f2abcfd00da809e2b9e,colin,4510,1.568809643
0x87d8b3fe7408875740f65d2ad8aaea6af1cf149e,youseff,4510,1.568809643
0xc899c5b3df01582162245adfd774d905a0597095,hinta,4510,1.568809643
0xe7725c67e21a5d6dd63b2df97809610be20984ed,blonk,4510,1.568809643
0xf899f38cd70d87dc5fdaae20e4b179f5af44eb87,shawn,4510,1.568809643
0x0c537d358c23515da4b1404b167d8f66e4627b41,limo,4478,1.556755399
0xa5f2bb90ae6a16486d7d33d2a8a654da93fc70cf,mitface,4462,1.550728277
0x5a06b6cdca3b3fc486981b674b606c6490a9e792,padlock,4452,1.546961326
0x5acb490c7e0b2c810eac6adc38b8d86fa80c07e9,ch.tarotaro,4432,1.539427423
0xa3e210283964b15e2545fa4dec1962c4ad2d865e,centro,4416,1.533400301
0xb4c9a5fdcd0ee255b2f95ff51336f4cd4f6b3a97,yankardoxmaxi,4374,1.517579106
0x4073a6fbcf3fbfa02ed428d20eb046b662b2143d,blinky,4344,1.506278252
0x5028f1a1330048609c9089db4057533e801058a6,lien,4334,1.502511301
0x1d68b9f4a7632009c3f55dc6ea484bcff47a08a0,qwimn,4288,1.485183325
0x298b15a0891ecbb3007f020bf25780673e202edf,Paninok,4288,1.485183325
0x94760b30240df5fa6a36886295c2e10b8e04996a,Yrodblyat,4288,1.485183325
0xc630746f0e95ccbff10905d0e07a97b12bbe11fa,Zenk9,4288,1.485183325
0x2b35d98ba328e3a749be786ae5c20de0e528490c,nhi2,4282,1.482923154
0xcbb74016d13cabf530455f44a8bfd6116542a1dc,Thanh2,4282,1.482923154
0xf76411e679e6733a48078fd73b82f1ccb4d7cfdc,supsup,4268,1.477649422
0x95416234b46e7413e0a6a7153468a4ebf13f2685,hihihi,4252,1.4716223
0x1c7268cd1f716016afa5962ed93a8325a098992b,nikminerx,4238,1.466348569
0x98c853d97b1c9e110c44f7048964ab8c4e36f97b,blinker66,4197,1.450904068
0x2a6ae8e72aec4ac38419bdb2f9a2fa4ed683bdbf,kontlo,4186,1.446760422
0xb65f09490d878acba565ebc3ee42bdeb9b1cdcc6,....,4168,1.43997991
0xc7e6bbf6dbe78b40640385e73dc1958f4428fb3e,Grognor,4164,1.438473129
0x00409fc839a2ec2e6d12305423d37cd011279c09,thesleeper,4149,1.432822702
0x4ef5073bbac7ba3e627731d9eef312459b752f17,Lexy,4148,1.432446007
0x78903f5b8930d8fc89406cb1a4aff40f82396424,anansi777,4148,1.432446007
0x64894c29c356c433a56ff451a372d06a4d4d2042,rudxane,4112,1.418884982
0xfa398d672936dcf428116f687244034961545d91,okwme,4101,1.414741336
0x601e5b74d43791770fd68eba86f5135745364a69,cursed,4098,1.413611251
0xfa9d081e7be0f9a952d78afb317d74601f39f869,Thomassweather,4098,1.413611251
0x609a49c61a6196ca306a1acc8295980208b7f8e9,w7lokx,4096,1.41285786
0xaf3ff6d8050dbad34c084ad7b51cc53e6fc6c0b9,OMG!WHY,4096,1.41285786
0xd4181cda623bd99654ffa8e1fa0f26a6437f9f64,0xchai,4096,1.41285786
0xff97ec2ebe34655acb18e85b38a4248677fa3efc,selimc,4096,1.41285786
0x3e95547e45baaa2c9bdba31a6321fe33a0d3e092,donghua2,4095,1.412481165
0x08657bc283a801ec6bc33baf879ec7b52b746282,jihad,4062,1.400050226
0x7393fc502f58a8e9db9fbd20e95c59ce5ad4a0b6,baobao,4062,1.400050226
0x85ed09c734aa9732ffbe32583a55fd2679142eb0,arrafi,4062,1.400050226
0x8bf9553978a6a28feb829d4cd8bbae74b8b78885,mymy,4062,1.400050226
0xa7b6e1c7ac53ac802e9621413daae68afb60d150,ng√¢ng,4062,1.400050226
0x6e6a04ee325470bd4c6af8114c74b5cfafe1ef05,rigami,4026,1.386489201
0x9f7dd5ea934d188a599567ee104e97fa46cb4496,dion,4026,1.386489201
0x23e898d2760cf1bfa596a51a08d57d6a2a2ac59b,MIke,4000,1.376695128
0x25bfac4b16f695dc0e0e1317e728d3beb204b0dc,<script>1</script>,4000,1.376695128
0x1d1638e8d3af1ab3ca73cc67d35689566598c6bc,senphulx,3996,1.375188348
0x2b4b096bafacc7e376245bf95a5698328dded33e,totemperor,3996,1.375188348
0x2d7c72019f1c5101a6daa7c44c0c99548c31221f,gladiablo,3996,1.375188348
0x34a470c697d3d29aa2f27e32a5153ac4384f9825,faskety,3996,1.375188348
0x45c64b8b5d762e7aa9fa2c688d47ddc6b513589f,Asmodee,3996,1.375188348
0x4a0f5379ab8642cd296c707fc973b085a49ff91e,kooshaza,3996,1.375188348
0x4f52c6c01daa7451c305156c8d66b9cba982cac3,alfairy,3996,1.375188348
0x82073f802547feeec0fd49719a3d7697fb66076a,suds88,3996,1.375188348
0xa250d77f12ea4b5e73b210289cd078b09484edac,canone,3996,1.375188348
0xa87bcfbfbe6fdf7a4ccf2f67746b8eb930df42d4,champeon,3996,1.375188348
0xb3b1d52c2a7c9b0b0b3cdebeedc8830b1ba4cf62,jpgmorgan,3996,1.375188348
0xcb4410d5962cbc943b61f748426adfefc494c1f0,javampire,3996,1.375188348
0xd4a950439967a64a4ae4de41f62292119030071b,edwiin,3996,1.375188348
0xd6ecc9e4a4bcbc0d1629192bc469b2d8c1532333,johannes,3996,1.375188348
0xdc0ea42b0c719e3f759059c2e4c459ba691a3b10,jollygator,3996,1.375188348
0xdc6e3c8eebb0f66fe453b440d02c40f3432cb695,trollout,3996,1.375188348
0xdddb03fbb9ccae094e5be4d581804ecd811e6839,bombeast,3996,1.375188348
0xefc88399f036fd5bc766df6574b60a4da312f313,dontomato,3996,1.375188348
0x58e23aec2d740d00156176b80ba8766417f5ca63,trung2,3988,1.372174787
0x7ca2b637c39d5b8277bb3abc3c333c8e9e793529,gbao2,3988,1.372174787
0x9c98241e0f146c4e1b27e7d111b5c51866e4c1d1,mymy2,3988,1.372174787
0x9e322658423de14abf69983591de0b14745f894e,vnga2,3988,1.372174787
0x00610c2e42b6829cf01d4a380117be7a68d326cd,tcm2,3964,1.363134103
0x0bfddd733c2b8a623c5ea9891ec9a58bffbc0521,popa,3936,1.35258664
0x3e6f2da593409f284d0fce06e26475e265009c86,3e6f2,3932,1.351079859
0x16a55d6c1d1991dfe63af7a0b8f19749791c9f52,nishitama,3916,1.345052737
0xc043d1864bba14f012e0b4789101b0a6a7fe419e,mon212,3916,1.345052737
0xee206e05d50783b2d5c553a56917e990a6bb6750,Pafpaf,3916,1.345052737
0x877ecd7585e9573cf64e43cc5935024c6f96ce31,proteins,3864,1.325464591
0xc18357312746727b517ae2b6111c48a63c5be139,Paninok,3864,1.325464591
0xaa92cf81c7e8e69cd1398187c7dc8d3e006791a5,kaz0929,3824,1.310396786
0x8e9ff020557b7b0fc0c025b3bc4a06eb3606fffa,kkangsars,3816,1.307383225
0x478683278e0f1093baf890f9a53d9cc5b5a55369,tfloid,3792,1.298342541
0x6fd69073f458ed3566ddd7f9f37409994ba59a78,dakkybear,3792,1.298342541
0xb24a6ba973eda7ed7b54b0c485c3804f8dc3efa1,sasa,3776,1.292315419
0x27bb872ea8d575af693e4019a217a2fbbe9d1217,dusty,3774,1.291562029
0x52b396e795d01cc2b4b8ecbb166e24cf27dd109b,yeat,3774,1.291562029
0x5338b94be2d06e00f248387e6813f7afbee098a8,lovebug,3774,1.291562029
0x569356ca27fcf0990bbaa0331e51db7106f79e52,osiris,3774,1.291562029
0x7095c862a8db9acbddde2f88bfd1afac8e31375b,guanguan,3774,1.291562029
0x7411fbce703a1b36197ae2bdfbd9b2d28eb92a7d,vgzvgzx,3774,1.291562029
0x6f9c3c98da528b288448f86f54f71a4ec8493d4b,bitttttrex,3752,1.283274736
0x08de970a2c34405642ff78ba1468d87b386286d2,giggerr,3740,1.278754395
0x4fdf8a2822f7b459823667ed2bfaeeb5a8d30ee9,gigabrain,3740,1.278754395
0x70f57c4d197e41e686496ea1d4cbff6ce8360977,dendickents,3740,1.278754395
0x8a9b82624816847519cc30451c265ce217042416,adolf,3740,1.278754395
0xcb3bc3e8cb33bbee6f4c35457e222f2d6045a80d,298056473,3740,1.278754395
0xf7f76ccf206617dea52615160dea5db212c2304a,mari1337,3740,1.278754395
0xe4f51cf684d3e551ae233dbcda9ee31843467a14,mach,3736,1.277247614
0x4829fc49725cb9450839c0e7639a85c7f3dda3ab,skinnyhuman,3734,1.276494224
0x929d99600bb36dde6385884b857c4b0f05aede35,deng,3718,1.270467102
0x8a1836cf261250dd909f1a1e83cdc0d2aead2315,donghua1,3716,1.269713712
0xd7c7561d604851eb8ff5c968703fd51945475317,Apex,3716,1.269713712
0xeb28274b6861f4301a5ae614d6f785f824c05434,bobbyb,3716,1.269713712
0x0c590949a50607e2948471e0fe0418d08d848cd9,BSbs,3690,1.259919638
0x177898cfb7e4793e5e669238ebffa081cf27a5eb,danh2,3690,1.259919638
0x7a6fc0fb2e65045ed4d51f5739b69d3f0bbeaf0a,enter,3688,1.259166248
0x02a803c99f0b9e12ea40f408d8d73bb79901f26f,SPAGHETTI,3660,1.248618785
0x8edaf05f31fdd020fd982a9576b0a5b3aa454690,joker,3657,1.247488699
0xbac3020df4b072c6807b993a67e0474e31f27599,yuni,3652,1.245605224
0x13224d02780f13214b6f2b293c18f74e2ded2122,rongz,3592,1.223003516
0x155c927397bfbc1619d792e8769bbd5e75c3985f,tram2,3592,1.223003516
0xe5cb2d785c3f18717c972088ce55bf5ff091c495,blackbox,3592,1.223003516
0x0408088e0a69bc986af62244122266717a836433,getalon,3588,1.221496735
0x0f428f482f03b083d27ce90cd81c1790e024f176,cheky,3588,1.221496735
0x114d2cdc9bc2d8f1018500f0f33f25460360128a,Stumpy,3588,1.221496735
0x2ef2564b0014cdcfec339214e5c24b4990f28d54,LGPD,3588,1.221496735
0x3fb7501f5e451509da23ad25c331a0737ef514a2,refcell,3588,1.221496735
0x4318cc449b1cbe6d64dd82e16abe58c79e076c2b,gene,3588,1.221496735
0x49e53fb3d5bf1532febad88a1979e33a94844d1d,Script,3588,1.221496735
0x4daf1f3e75d724ee09871a8464dc67e294997c53,cryptonerdcn,3588,1.221496735
0x603dc62b0e53af9b5ef24a13ab8dd446820e0b8e,order,3588,1.221496735
0x6d06b2916cd846e5464cb5d703767e411504731b,ruce,3588,1.221496735
0x805b066bad79cebfd31461fe42ab016de6b2b610,thekira,3588,1.221496735
0x85202b7bbbe224e56fdc375bde41d38f77ab794b,deeznutz,3588,1.221496735
0x98c45d5ea9ccd8278fe43ba740e967a49cd19e6e,koya,3588,1.221496735
0x9a9c6bb8b7f8df641da36209072d60cfa59673ad,wejom,3588,1.221496735
0x9e8ab4db87b33d3566948d2ad33c57a678b47f44,Mocek,3588,1.221496735
0xc632b0c926291da28f8496d4f33cbe1f454e6f64,samir,3588,1.221496735
0xd9b108394ce5f352f8f45db1ce2570d687f29157,xiangcai,3588,1.221496735
0xdcd3f402043d3c708013de78f5d79d66950917bc,belnadris,3588,1.221496735
0xea79fc274b91f6ee79c09b079fc1e3361cfe2a1f,humanreadablename,3588,1.221496735
0xed04d3792c439b8af827b3e46ee626827de53db5,9999,3588,1.221496735
0x0e281ed82ee437a204e635d341ec755f5b58bf85,cck1,3560,1.210949272
0x5ed86506ff1244bb3ac0c309d5fc5ae6c0375464,0x778,3560,1.210949272
0x7b5585f5d6c1bc085566bc7dad4a181cad553142,0xcarl,3560,1.210949272
0x997e9053c5b9ec1a1e39b7649c240d56cfc50ebf,ohrus,3560,1.210949272
0xa234a6269e3cf9258ea2eed0421b4562db9e2900,papa,3560,1.210949272
0xa98b4ac15cbd9477f5ec239a0a24e7d9012dff66,Norton,3560,1.210949272
0xaef5be7c2c0dcd51b0f48ebb857b374d073fd236,demal01,3560,1.210949272
0xb476c58756c561869cb177e9e08d058d9c6b4298,lamominabo,3560,1.210949272
0xc3cc4d17f4a52df042000908da4c547526c784ca,dxxy,3560,1.210949272
0xd46761041db7cda8da359a159e4c4d37612ad925,bussi,3560,1.210949272
0xd4ca1a28b67389266fceb85ff6e77479ee6747c5,Gen2,3560,1.210949272
0xf5c25c950fa4770fc5095148f69e813c923b2d32,qqqq,3560,1.210949272
0x0f9ff10a08f3ece02fda8d69a53c85e7327674c7,ling,3556,1.209442491
0x3bd419bda7c51a8a78a64fee84a37cfb7dd4be46,rev0,3510,1.192114515
0xc7874d0a21f0340f46ea54dc2e363685eb6bea33,JACQUES,3510,1.192114515
0x45b24582e18a7f6563cc587896c052fdf8916a8d,RRRR,3468,1.17629332
0x8e4a4e66bc8faefe021b3d6ebe481b5389878c3c,testbp,3468,1.17629332
0xbecba5c2af45af451b952c0acaeb1fcb755af1af,EEEE,3468,1.17629332
0x2aacccc2c6eb6678fe8b6f1e90209e638bcc8767,persianpariah,3439,1.165369161
0x295c48aa78752d75be837dc8aa47531c178336db,raintops,3438,1.164992466
0x6d6c0c1c38fb3966efb4a7f7eb68e9bf73a5e861,JOANA,3438,1.164992466
0x864a3071ccd4b444fa0f993d75e003e4ca31f2ce,flesh_puppy,3438,1.164992466
0x9691ac3d5ab5b75d49cb2dc914ca6151955d8ac9,geet,3438,1.164992466
0xb31e829f5345f8a767fb9dfd55e594f92f780591,jtseng,3438,1.164992466
0xc57b65b26cba8169f10295d8152def3e0bc8864e,Cheelax,3438,1.164992466
0xf78cd306b23031de9e739a5bcde61764e82ad5ef,Ronan,3438,1.164992466
0x09eb3e2b1b975da6b9e4a7f33a1fbfbbddf8084c,kidoo,3412,1.155198393
0x55fca9a28e0b969d61460447d61fc11d10e148ed,jamesid,3412,1.155198393
0x6a61857928149cb7cd2ad29251902787bcf9c3b0,neikos,3412,1.155198393
0x75fb160bf71c80e7a942c7f755ff0daa69ceab14,ryan,3412,1.155198393
0x9259f1d4d54873c2b928fb5679dba0c5046acf20,diamonds,3412,1.155198393
0xe2907c8cd016a11b76c2af6a537464994810d98e,ottobott,3412,1.155198393
0x6f578bf0cca6af7a0b5ee0fa8c86098fbb86d2bf,deki,3379,1.142767454
0x73197a87e6b653180c1e6489a44e88fd40427427,Sacoche,3378,1.142390758
0x7d3bac5b641a26ed66ec764cbbf6988f14217d60,Qbzzt,3378,1.142390758
0xf154a68679dc32d976532ee4073f9a57f87f5a00,Aebler,3378,1.142390758
0x16718073f20aa0653f7fd9d6c71a905a6cfd1e6c,hector,3372,1.140130588
0x6cc836dae39cb43ecf22bdee81cad60ba90e29e9,guanguankaikai,3372,1.140130588
0xe57edd7ac8811e160b1f3aa95de55d81bc959a88,Hexrose,3372,1.140130588
0x8720858d9c0c374c102e7267283a71b0ad98b6aa,FLAM,3356,1.134103466
0x8832c3940ac247133054d33b3ca7cf1b2b1ee830,garry,3356,1.134103466
0xadf4b167def2e1c32e396ef755b37dc881035c91,PISSER,3356,1.134103466
0xe2ad14f95a07652c8113719334c5e244343cd7bd,FUZER,3356,1.134103466
0xce3b1f2096c4baadbbade026b28f4b2ad553b504,HTRUNG,3328,1.123556002
0x724b5a7029da169618ec92ef88c59039723195fb,entypion,3303,1.114138624
0x00fd4b0a721909c67fcbfbd7ea063f9693386bba,bt.wood,3288,1.108488197
0x10e349a36a0f79107fa7ba9e2a5ebcbae9ff00c7,oppo,3288,1.108488197
0x7f54e387b5bf1a1f8a1d273b899bf0bfc974e0b3,chon,3288,1.108488197
0x04cc6b487566b1c821bea04d7ac0d23cede05cc9,habacuc,3248,1.093420392
0x4015251bb6c9bac6122fe51b1b6eb60e883f1eb2,theprofit,3248,1.093420392
0x458aa8eb5d673d6f9bae964af2c25d64f4a19878,donnie,3248,1.093420392
0x6fabfe96206adc6596bb817e3e06c8b4f694f8cd,amagatu,3248,1.093420392
0x277bb35d049663c6bda6f1dfc46fefe3a6b3ecd8,THE GLITCH,3213,1.080236062
0x819f313285319a61770c0403cab314f78f13c535,doreami93,3180,1.067805123
0xbadcbe6ddb24ccdcd1e4a38850fea4d5c311bc09,andy,3180,1.067805123
0xff7edabb758ae5c40c8dcaa165c483568eeb20eb,booga,3180,1.067805123
0x1c80deb40c4ad3bdc39deb22fb1fee7ab4a4b6f6,Laplod,3100,1.037669513
0x1e341aa44c293d95d13d778492d417d1be4e63d5,blockchainbrett,3100,1.037669513
0x5762b9bf84e50e08e250774d1882d3cfdf1e7500,CLASSICALK,3100,1.037669513
0xe2b0791f541e11fcadff5cac30d4fe7faf0a2ce0,CRYPTOBOX,3050,1.018834756
0x0caa934340859cf15d59420ee09d6b47eb742e2d,joker,3002,1.00075339
0x88c0558cb8525c88f78752bb0bdc3e6221597165,ANAR,3002,1.00075339
0x06378239489a60fb6566a774436064321c535533,yblxka,3001,1.000376695
0x1dcc16fc678c0c52e50e0e284948ba332db6a04b,doveshit,3001,1.000376695
0x4b2b9e2ca9ff602a254f0a21a99c0f28d54c716e,Pepe,3001,1.000376695
0x50f1fa66591419c5ef3566f1bbc669af99d9828d,testH,3001,1.000376695
0x6dc43be93a8b5fd37dc16f24872babc6da5e5e3e,james.eth,3001,1.000376695
0x832c87104b9a7f2a9ab98ab5b62d89f5c3df59c7,Scissors2,3001,1.000376695
0xb9803e6898f7f75e804cd5506b72074a7fb43138,lstfenix007,3001,1.000376695
0xf046dd855b162c04c71674817ee966b72d519929,samuel,3001,1.000376695
0x00000abe5ab49e90e5e4230d9376d2511df33600,yew7,3000,1
0x00002eb28505c1202b8d4beb9f5134f6b67b9d8f,MeatCrayon,3000,1
0x0000ce08fa224696a819877070bf378e8b131acf,aaron,3000,1
0x000140ac6b88109462a14e8a310ca858795e141f,strelica,3000,1
0x000e8155e58bbdb77cf1cb523569b875a4791189,jerry,3000,1
0x001510b4e103718419cd5015a9e6172d8671be50,LLLVVV7,3000,1
0x00939dbad4c08a85187ec44c0420a03d84ff7236,maxism ,3000,1
0x00c32bbc4793dea542a827727de75505f01af057,amanda,3000,1
0x00d93262c00311349b21b8982e277f43338f7302,mightymiki,3000,1
0x0153b80fd92a472cbd349e394b33e309e640376f,Xuan,3000,1
0x0239255304befc0b6372aaee4bec3103baecdd63,ethhhk,3000,1
0x02f1f74a10865303db5643e443e99bd2537ec6ac,Chelit8n,3000,1
0x02f73b8e29dd6ec38bc5d8b3826051dc562c3060,roast potato,3000,1
0x037910a688c721c792c0f7171be0869b86fc5072,MOS55,3000,1
0x038bee38b40c92e34e02a5f1214305539bf9ca7a,erlinc,3000,1
0x055e3a02ea557e6c1d6a4b4b89dc7a519731ef23,Conspiracylex,3000,1
0x059f9b3eaeb183feb097a71a861b35ae6f22afde,beatsfaty,3000,1
0x05a622fdcb6c0beadd57db49100f22aed155fad3,watarii,3000,1
0x06368cf84dc30969868593d11046f8a7c10b6a39,ataarrr,3000,1
0x06a03b5ecdac4da0902faacba5af27318af76c40,longpang2,3000,1
0x06a97eaeb02d8dc16ad877b5cac0ad581f4fe98a,caygeon,3000,1
0x07ccd40e4631947465edece3bf8b430811dba719,popopo,3000,1
0x0872b7209cad52fa95af35f4baf5653933105ab5,anonjunkie,3000,1
0x08c0eb532d960d363b597bd645542641e03b5cda,veryimportantstump,3000,1
0x08fd243eeb936fd9e384faa64c397c149877d8ec,hash,3000,1
0x099ef9e5e46bafaa13dc99a922ca837d9afed883,revtoad,3000,1
0x0a3b209e7382b4780bb68746090bcc7d2248b839,questooor,3000,1
0x0b3bfe556e31f3c44e2004d79de4af01f3f362fe,suskes,3000,1
0x0bc7220bbb82c10d88fb3469d5330b6522d7645d,protong,3000,1
0x0d18e5a741e8b6dfd0207b03ea7dde30bb1bc580,VVVVVV10,3000,1
0x0d590553353a279728c80285fb7bbdbfdb9d974e,snufriox,3000,1
0x0e83908e6c7500c573a153a03f6cc0cff6735465,magnacartz,3000,1
0x0f27c6050a5eb2eae837165b42639688015b1ca3,Greyhound10,3000,1
0x0f4c1f7a025b803e44fe9d76297070ac5c1f16d4,satorino,3000,1
0x1047642e7d07565a8411023feb067a652d507edd,HOANGANH01,3000,1
0x10e7e43330539a997b7e20afdfdd5fbe557286f5,gtelenti,3000,1
0x1185e841070d5469b253a8b59148084f137408bd,sh4dow,3000,1
0x12372b0ee93cafe88d00ec53da94ca73b5fd767e,cryptisen,3000,1
0x12e57746915157cdac8e5948caef9bc032fef10b,iezzi,3000,1
0x12ef2cd4231d5cf655a6cdd4ac1524ffaa439c17,kinkai,3000,1
0x13f0dd9ee7d3b69d8a58f35e4aab569c38c24b6b,ASHU,3000,1
0x14242a0f381f7bd0ef585444d4a5e079cf38fc54,W3FAN,3000,1
0x1464d4e3c815de3028572b850c6c34dfc57e9320,mariapaula,3000,1
0x14ff0bc9417b6796f79768729002a793b51205b8,defigen,3000,1
0x151e3d45a26cc74279c4590bfd8fd67ecb872a8d,limonchik1337,3000,1
0x154fd1bdceb028f272a84d71bd038c0fa5ec5ed0,arein,3000,1
0x15a1c072c4e286da08066a0bd78aa0c00d03f4f4,mrzepp,3000,1
0x167a873dca0e1c69d058aa76659a699df7b5eeed,cujo,3000,1
0x16aec0de2a760f972f99ae812966f87fc94ee323,thesu,3000,1
0x17d4e25d083bcc954a4d1690902caf24d93e83f0,lawn,3000,1
0x18105b0d9775e174222117c928e2a8bce8e27ed5,messi,3000,1
0x1817720fcde7421eb4de6656eee320a677f0b668,BLINKPeko,3000,1
0x1834a841b098a9eb861c2baf6656076c2b9f7458,roxxypoxxy,3000,1
0x18657ec15013bc2a5549d5d69e5998a5f4884bb9,manstein,3000,1
0x1960fd01ebb37c43688e55b6abe87516f5c5515d,BOBY,3000,1
0x19aa85120fa33c3c81be3e9703a4bf5fd9b8ee0d,ENDREXIL,3000,1
0x19f8a76474ebf9effb269ec5c2b935a3611d6779,tynes,3000,1
0x1b420aa37ad70be2b7d6e6e5a25792c581f82a8b,mtk4000,3000,1
0x1b4325a5e3f3666f9cb5116b4cf92daf678ded02,sgt50,3000,1
0x1bf555e99b9056e75f5752ebf6593c4929bf5d50,dddd,3000,1
0x1c221b27e14656dec55b8a84494a1b3a2821bf4b,alvrs,3000,1
0x1c83766e02ff6303032a37aafabc215a33351f32,fuck off,3000,1
0x1d9151ccf0c206d6ebbf3af04a13bfe9521e7a41,griselda,3000,1
0x1dbaf5afdd389d34c2aadeaa94c256994e7331b0,jetmacchine,3000,1
0x1ddfcaf54509c6c4926898a692ac2fb2d38eb8d7,Sean,3000,1
0x1e28560c2c26e4980944997c15ffd7c4a2210162,Cge1663,3000,1
0x1e3562acea930c2341461df3d86812c9aa2971cc,enter name,3000,1
0x1eaf80be525b239ee2303e1f7609dac0d65f47f2,BlaBla,3000,1
0x1f29cba44478bd2df384e4b21b39e6fb92f350fa,dropper7,3000,1
0x1f94534d170f8c9bd65e8f13a90c87b73a63b0e9,HARICHEN,3000,1
0x20313bf6f3071fae1f44e23f1aed6950030bd1db,glassman,3000,1
0x2147b3291b45c026f5c6c964fd98e3bb83131546,wilhelm,3000,1
0x2180fd0f2c81186024f7fa2bfb10c5ea568d9aa8,elsgra,3000,1
0x22b908c2fea7a1e6043ffcdbc77d660d4d326961,defiat,3000,1
0x2375ac2e31bee26670719956c624851972164175,jatronic,3000,1
0x247b7e245002e6b525782366dec32446f645320d,sonofwolf,3000,1
0x247b7f78ac4025a1133cec4b0993144600658a0a,Crispyxtreme,3000,1
0x24899df772e74b33f329fd062ba5882922d9b231,ligion11,3000,1
0x26561f984119125b47a09c8cb1d6173816afd28f,lmeaex,3000,1
0x2699ff3f90b99a10f1133a28c7eecd2e056ca602,RELING,3000,1
0x2769d4a63477912ce30f84cbe9129b59a5a14a4f,xx1z2,3000,1
0x27f276a41244004a6baadf6f5886d3db54b2904f,HUGH JERECTION,3000,1
0x283ec3513ac175600188d343f0caa28bf472d995,DangerWillrobin,3000,1
0x2868c8a30a2434b006b83f3c9f501e5b24eb0310,VVVVVV8,3000,1
0x2a78f5f53fd0157f9bb3f43ba9e2e3be80ca3c75,wukeff,3000,1
0x2b2995c54c09a0ed709682b481f3e37f6f74910e,le minion,3000,1
0x2c0178d282b78a9b9aec0f26ef972ae453c982fc,Skincho,3000,1
0x2c45b9ce5fbd0f7538f820b78b7aa74afa2ddd0b,sw3artog0d,3000,1
0x2c7f1a5258266c3528e52ad6bcbe9a6cfe8946f7,wolfex,3000,1
0x2cc9fa4958fbc3c4525d938fd154c6d7bf34e664,iuqyhs,3000,1
0x2d2bc9f392b4ad8740476dcc04a9c15746579ac5,nashes,3000,1
0x2d5a7fa0e8a334d07a54be2da96fb6bb45bce0ec,danisorox,3000,1
0x2fe2c37cb1d34f30f8d4d9a5d67061312a29e33f,LLLLLL4,3000,1
0x302b22af6eea464d387c5bf3b0c51fcf5a031bc3,theoden,3000,1
0x30f5d62fd96ed0e4828c6f5510d1e7e79a3d0b95,bucolicboyscissor,3000,1
0x31d173ea66fa8fba38b3ddb798c1c1098f3ae8c5,Gekonn,3000,1
0x3219dd80fcb146015e741a1410b1c29ac303b134,destroyer,3000,1
0x323794c012df58d68843d745c75ea536d870c7da,blinker,3000,1
0x327014c8c8029c1dbebc0459cf2a8b8d0bf3c0fd,enter game,3000,1
0x32b086178d925c99db14bb10377fc36300d0a236,VOLITY,3000,1
0x32d203c8f43723666c8db04acd640cccf9dad226,Jannyboi,3000,1
0x33478fd0483c1f1c80df0fe2732c702cf423c6bf,klif,3000,1
0x33ea9cd120bd15b91da747b199dc78e35f5cc0c4,igorodrigues,3000,1
0x346d4c497fa8e802685a2b0438fa51a95948ad2a,kaz0001,3000,1
0x34eed2eda7399f775a57c8b3cdabe537493b8e8b,cv13,3000,1
0x355d66015faead09459fa5c40b6704b5954baea9,zoro,3000,1
0x356504519ce4cb2caa3bbe4f619a352fb3bb6c74,sanbao,3000,1
0x377a3a71309ca5cb23d319baf64de92a154103ad,essentation,3000,1
0x37d27c00ff4d9b7f5dddf877cc14e7f919a6490d,mick,3000,1
0x380acfb35859fa7093b1fd59fca78023bae785ee,david,3000,1
0x38b7e2021def9aedf6b9c2b7d1c961f5a4f4a785,lumen,3000,1
0x3916b36697e04e23a16d8003166b599b28db833d,Promzerito,3000,1
0x39f9dbe4a60b5f017d95889ef9dc50b58cc543ca,kairy,3000,1
0x3a2c36b5126a60e5869d79b98064d5c2156c871a,cassiel,3000,1
0x3a8ace4886b8596e4e12727873b10e56afed1e8a,muffinburger,3000,1
0x3b82388aff8a58dc48a6ec1183bba0e146158d1c,jajkers,3000,1
0x3b85dfa575f1dd10a566bd1316936225f6e6323e,nbatis,3000,1
0x3bfb3a55c7190ead733cd7b5a7dc80b2d9e9baba,bagogel,3000,1
0x3bfc85bb0ad4901a9c64a6f26e613ebc21f66f17,Julx,3000,1
0x3c3dd39d2086caab37bc5c57dd74989762f548e1,DONE,3000,1
0x3d3db25d0202c90175585c0d65ec919af905d8f1,QQQQ,3000,1
0x3d62c274a01eaa06c4c6ba5781dc1a39b58f41f3,IPSED,3000,1
0x3d91169fdd2e24feb863f9dd93161c5a2e83b10c,buildjo,3000,1
0x3de65af09849925617d52ed0af28d2ee7563c4f3,park,3000,1
0x3e73b05658b95a2db6496c8911fc2a012003d463,yoyoyang,3000,1
0x41cfa3b4d98a035516b83c2392def71605ccf38e,marc,3000,1
0x41d583936ac5db773ed486754ff9af9174244444,noise,3000,1
0x41ed288dbf8493310d2bd57067c226a96610d2f9,toast,3000,1
0x42430bec75cc19f62aecf92b4af81dc25633df7a,golden muchacho,3000,1
0x42982dafd5577db35255bb1dab0b288464844de1,moira,3000,1
0x431dfb184a8c49dd803938432a8211010d0c4182,twentyone,3000,1
0x4352ea9ade574e9510ff3212fdae7dbdf45c60a1,isltruck,3000,1
0x4389172cee64379947fb9d66e6baf07e1a3f3bf8,sancreep,3000,1
0x438bdd71b997f4cc4d5866591363279d6efb3515,HOMESICKALIEN,3000,1
0x439945b21b40b1ca89c135892fa1e3896ff39ff0,CHAOS,3000,1
0x4556c171dc77da167cad8b42ebccb35a9984f3e4,Mfslee,3000,1
0x459d047d971cb03fc30626d4d733ae3c022c280f,Andy,3000,1
0x45ef34df86f5d85de8e05ff8f99d953fa2eb9ac1,cape73,3000,1
0x478716acae8a6e1699eb82be3cd6480236a56155,Pet1ke,3000,1
0x47b463e198a8b4aa7abaa89e55040e022fc29995,SKIZO,3000,1
0x47d4eddbcaba540b9854897d84516fc9cf512b35,ghost#1,3000,1
0x480b95bc56a0b0db59326890f3bbf946b6cdcf79,test007,3000,1
0x48294b4e40fa49507fde525e66de09342f24507b,test,3000,1
0x4954c9004a45bde97a53b43130a1030a2b6efbb1,cris,3000,1
0x49816b558fd5afb007ec704e4db7da6fc41c816f,LIHUIFF,3000,1
0x4994207b054c715573bb6c1fba54450f13944cfe,yic490,3000,1
0x49ae4e29d87d23568cfc38cfdd4fdf1f4d3648ed,edible,3000,1
0x4aa0a78835b4717024f699642bd1f90586bb8569,SDFDDS,3000,1
0x4b99463bb827c6a4da5d9b5cb0fcee63a1337ccb,opou,3000,1
0x4ba9c3db027e516bc35a51bde8432463505f16fe,abelha,3000,1
0x4bf0b743e2450c1bb196f445dec8c25f34245986,santelly,3000,1
0x4c1b15d89a17b2f6343909bf4305e135becfc216,EADESIMI,3000,1
0x4c26d0d211c61ebd4ef8bf281f03187af8b64562,donshotme,3000,1
0x4c31736424961fd6b695f19f71f239e84aeee4b9,vinber,3000,1
0x4c54a192810d990287be53216ed4ce7bfdfcf04e,zancho,3000,1
0x4c71cba3032e2b5277935d1dd3494f696f610071,LLLLLL1,3000,1
0x4d50ad61c71484a030620aa3875f2e7160cce3af,troll0,3000,1
0x4d667fbcfcb1f81ce871eb298f85ce0f93038bd0,horror,3000,1
0x4da792b5058f59162e1b619749a0ce4e984d4841,huuman#232,3000,1
0x4e3067c5416738085cd7c8e9ac5fe9c9c7ef3564,ISSSSSI,3000,1
0x4fa95fdf3703a873be38e81323d0fa91ce2b334a,onfun,3000,1
0x4fd27318b36cc787716c26e57ff784d83d87f05f,mixo,3000,1
0x504f74bb512bcb6062d3c5c64eb91afa6a76b080,quits,3000,1
0x50b56579482f42f4625cf68b46f91444498caaaa,cy666,3000,1
0x513089de2596d5a74a713b1f6648215bea4371df,Keykun,3000,1
0x5200064f773abf27694ef8b861286892243926c8,MOONTIGER,3000,1
0x52ac335e26781e392e79af3f43331eee3b5c7520,Fail2Fail,3000,1
0x53064b75d3ca0f5375860eaa5a306e9da1a749a1,Human-Readable ID,3000,1
0x5485f04032c403787ac0cbf78f376a702972e066,lavneesh jain,3000,1
0x5529d5bd6a31801009cf5ef18dc00b724432cd05,acid,3000,1
0x559660c6cd28ab1f079ff9291959346991294edb,mida,3000,1
0x55e34cc0a8090052420ed3467bbeb6b75b508479,POLY,3000,1
0x568146b18d96435a77db224e1662cb19a366e783,kode23,3000,1
0x595364774b32739002fb083294c9e55215969cd1,edge,3000,1
0x59955d16d9a77dabfb5f924dd5715241842dd25d,clavius,3000,1
0x5a0222f1b715f5b726ecc6b7a5f6578c1d2d77b8,dead,3000,1
0x5a0a184200a4ac6b0da95fb819723985e1630776,continental,3000,1
0x5a29df38df7c23d8bcd6d2fe2277be1f0c0baa71,carl w,3000,1
0x5a711653f557b93aeed72a60f1edeba5e9c7e5c9,rmanello,3000,1
0x5a71f78e94c2055cfb18e047ccbe9600350dec2b,takahibe,3000,1
0x5b36002e5ee1103a44246f67b067fd5509b97a9e,asphalt,3000,1
0x5b77eea144a23418b744809087ee28ffaf0752a4,dafengchui,3000,1
0x5d54b3d16a4060fc1bd4579bd7ed90d6709867b6,Deepumoh,3000,1
0x5e17f253bafcf84726d5e6c376d77dd05e2b29da,VVVVVV8,3000,1
0x5e199814f74b452245ef20657d8d5d8cbe820c0c,robodehrƒ±,3000,1
0x5ecd47f7c8e3100aae5b8717749389752dfd1fb1,Petersito,3000,1
0x5fd4fcbd0c723eac69aabe2dd508db089ea60904,cosa,3000,1
0x6048f67e7a248f5a02aee1a4269dfe70041b135e,dh4c,3000,1
0x6097ffc8d5e54de24b2a8a1d21df054b17990399,taunus_bb,3000,1
0x60a791bd91780cf88d7b6f233f3054c63ed0d199,Blink,3000,1
0x60fd08ffac8d18a602bcd4b479e137e802053a18,berni0,3000,1
0x610c509a566608642dcd1c40ff5e06a7c4170d74,judy,3000,1
0x614a840da1817a13ede35fcd5d7d25a223fa1d70,SARRY,3000,1
0x61bff993d2d8428b1aabe9e6107db87642680022,fluffhead,3000,1
0x61f8533236dc5b236a944288b2c11dc95a4a79f4,adinome,3000,1
0x629cd43eaf443e66a9a69ed246728e1001289eac,madness,3000,1
0x63a370abfc8ed6132025f6dc8244ddf6205c174b,miaaaa,3000,1
0x63fbb4ceb1c85cffc129fb5d549fff82855a200e,LLLLLL3,3000,1
0x642f8a3a0915cb8bad69bf5393492fd7e1b28c83,wukong,3000,1
0x6441543c6537ff430f2e1d6fe8fffcfc05d52d04,paperhandoooooor,3000,1
0x64842b9be9c6de50693fe975e7601346e95274c5,mcinlor,3000,1
0x6628841854b8ec5d7f3f69845ffd29a0971bf478,Shinno,3000,1
0x666936a007c8c2e70dd5aae9151fd50de858fb16,0x666,3000,1
0x66da63b03feca7dd44a5bb023bb3645d3252fa32,Keeks,3000,1
0x66fbb1cd0a879388005ea9e17c2d951c11334a9c,FaZE.gCR,3000,1
0x678bc1f48f644419f29a203ca562597a257b7012,BRONCO,3000,1
0x689b20123bc85f01c25a90c6fb904175fcd84907,ZHAGDESHUAI,3000,1
0x68cfac789db424b2fdf5abd6ccd9c33eb59a6578,obscure,3000,1
0x69220592ac4b00784d3c0af497e261b4cd722aaf,satoshi,3000,1
0x693d27bda953674c0da098fe3ac0299d2bafe466,sky9029,3000,1
0x69b9b8147313a73876e27dd47df13168ddf8c403,YICAICHENYI,3000,1
0x6ae34d0baab756d0d38a574852c2e4e8b9b30104,Bunni,3000,1
0x6b5f0e2c1eb060e508fe9246e6cca9331eded221,thnhdt22,3000,1
0x6bae1d788c80139e9d5d335d144aec7f65979b77,mic1119,3000,1
0x6c7efd769ce1d26154799fde8301e4fc3e2b1698,inversenia,3000,1
0x6cab818daaf4040476e2489a7ed29ca685ad0623,nexu,3000,1
0x6d2e0e2d7d8a22fb82095277def9e174ec2a71f1,Filosofia-codigo,3000,1
0x6d64b34915cbf4e75818319884e299c4e72abbaa,LIUDEHUA,3000,1
0x6d9d04be80d9643a54bb08dd47b4be959d3c0ae5,BURAKCENGIZ,3000,1
0x6da2a416f722c04bf260cc11d0edf0a82d6b2f21,hILL,3000,1
0x6e48db5a7069c6d8e5ad0679651440f885b4c17d,mdion_games,3000,1
0x6edd59d6f241e6cae65f2daab687996848a89740,Johndoe,3000,1
0x6f0db3de99130766b76d01dfdb10ae7b2c5142f9,hhhrrrinnn,3000,1
0x6f243e2bb4dba418c7f52437749c486f2f2cd1e5,axelray,3000,1
0x6f7fb6897f418f7a265004698a54ef77aa3620a4,Zenn,3000,1
0x6febefd89b0c4f853445077aa8a0ec4a2a409d38,vnnn,3000,1
0x7045ba1a3dab1da17bda91b46e121fbb4a5f054b,Woshinibaba,3000,1
0x708c3c15128893bdb1f8202732a2c20aa52242b2,serious,3000,1
0x71052f978d39e2f6c38ec898bf4d6cd749fcff9a,ghostface,3000,1
0x718d6b8bedde3e56c4fa5d390ded7d065cf165eb,Tilda,3000,1
0x7207909cb217524dd6edc45abbbb6fdf7ba7eb20,GLITCHY,3000,1
0x735763b98536842f953b7d24bd3a472208ad3686,peepeepoopoo,3000,1
0x73ddb14abf93ec0fa0e9d55df0f14ed4a7228dbf,dave,3000,1
0x74df3f79e48220af12c8da4737be2de223836c99,elegy,3000,1
0x74fc4a42a14663f03e8f15223a4b5334e2d57914,zds0x,3000,1
0x756b7587c4e977c3fc72765003fc8af587799606,pool,3000,1
0x75da2671eb526ce64acbe796cd4a0d4cf6fdbc75,to the moon,3000,1
0x769294be6084906fb7ca27c19236bf213bb9d95f,BINGS,3000,1
0x76c5762e65cb28b928466256c680f5342c4ad234,9west,3000,1
0x7720b08e020a5d9c259e97ec34aff30fa90a48a9,xuluchen,3000,1
0x79f7999632b0fdcf9e26f36b20a7376105592dda,JAMES,3000,1
0x7a120d3150530a1cb538711ef04623aa8d90ff4e,Renren_immortal,3000,1
0x7b26ef2c63f3cf09a644c3aa1506031da71ae292,Valery,3000,1
0x7bd4fb369068f29a15c159b27fa66f3e628eefd4,mitch,3000,1
0x7d68612ce62cec1450cf6651fe39c6316d5e32cc,yozora,3000,1
0x7dddda4bb477210d143ad6f7cbaac13219da7eb9,dustbin,3000,1
0x7e938881c1b33af6e774b27908b32f28d5b35b9c,WIFLY,3000,1
0x7ee9fae5c1da22e355089e5ff8a82ea0c4f11675,wonyoung,3000,1
0x7f9b04fd81cdce9497cdc2302933e65f42d92f28,kinglouie,3000,1
0x803d3a4d1adba131e8c35ea850d1ae3e4a9f3e43,cc468,3000,1
0x8055cbf2abd4b658c4ad0f981af026e2a4fc1a04,kitano,3000,1
0x80b91fc05c6e460c20b14585207b7840f1dfa00b,khun,3000,1
0x831a1ed96677d6c8561be6d0e5573dbaa8f9680c,AVAx,3000,1
0x831b34dd54b6eac9fc3372345aea99f997363f11,tuotuotuoyu,3000,1
0x8329b6fd0943e22df73531f20220a86db5994f94,misletoe,3000,1
0x84ffd754cc7001b3ec72697d8563b9fe015ef2cf,Vizbara,3000,1
0x8547eac615592aaa25cfbfc55e98baa980938286,centy,3000,1
0x86083f0518dbb219cfad58907dfb382b363be88b,foxtroll,3000,1
0x86ac25273ca332820d44d1187f78b142b11875a9,LIUYILIU,3000,1
0x86e01b0d53d610582138acf31bcd80e89db56706,ludens,3000,1
0x8746968f409568811ee2aacf28c4a9c97a4a6341,zworket,3000,1
0x87686f6ae715d66f5525949598cebe4d6e7bd77d,tcmgo,3000,1
0x876ffb5fbca375c8fa0b51f08708dc66e47e7661,Lil gim,3000,1
0x87d8ae1d4056b3dc4b61324025a893e676584162,Aria,3000,1
0x8820768caedc113ba97dd749d948ad0fd91c52b6,jojo,3000,1
0x8889bc01df9b009612e25003eba5d07678dc18ad,waaaaaaaaaaaaaa√°aaa,3000,1
0x88e2594b3df2b18fae2797809f4d2cba1c4557fd,Emma,3000,1
0x8a038e62e8f3341e11ac491cd4be1c01345469bf,stumbleguy,3000,1
0x8b751311a9a33711685f654fa4413a14c54cb69a,gnome,3000,1
0x8bffe2ee168e1d670db4fa813211b0638cdc2eb5,DOTMEETH,3000,1
0x8ca62376c6d1abb560bdfc07a383ce5e17c54e3d,GABMLER,3000,1
0x8dbd49b6f4757d7dcc52e59e2cad8a6ab12788ed,btcdno,3000,1
0x8e1044df71e2b5d1d76bd09fe83dd7f1def5aea0,RAvid,3000,1
0x8e6bd76e2feceab4376e64f4b8d696e2311743bd,breezer29,3000,1
0x8ed16e19f2ae9142abf9221c08a384a568dfc710,stihac,3000,1
0x90607265e088302434753688a78ce81790c185bc,nicii,3000,1
0x90aa7b5aeb1b499802990c27326cd9514ca1580e,nako,3000,1
0x911679a2f25705b8fa3e231630dd4c1b44559dc3,sundust,3000,1
0x91751a9a4082a31afc729d3fb1709f890dfd6023,faultproofben,3000,1
0x91928aafc881fd95be0a4bd8c09b953d430909bc,velorum,3000,1
0x9205b9efd236610bd99ba4adbbcf39330c188692,dfect.eth,3000,1
0x930e9292fe664fcbcf4925d83c0db4236b29c4ab,Miicky,3000,1
0x937f79de02e6fa2a46e8f124bf4bd10c818c7cb8,ivan the terrible,3000,1
0x941d120e39ce275ff5e8c94572c17458b573a8ea,John,3000,1
0x9492510bbcb93b6992d8b7bb67888558e12dcac4,pi0neer,3000,1
0x954e128f3e3d85ba3adafb9d53e7c060833e2bb0,echelon,3000,1
0x9687c70dcfe21c6198703c813cdaec9d3458e068,bytes,3000,1
0x969f055fb6f7553ed7e1dae5f73e921ea43ad6a4,flegi,3000,1
0x96ea5dd9fee5999bd47de44828a232ed77fb2c45,MENVINA,3000,1
0x97176b0d5ff5fd2c1b2ef6c66da34b7fc9097f4d,tjaeger,3000,1
0x9748bb4600fe2337454605134cfb4490e9bb64f3,doriangray29,3000,1
0x9850347954bb5528004963a7a196328e4596c6e7,Matias,3000,1
0x986bfd4c72357758ca96ea866aa854a0dfd1c51d,c51d,3000,1
0x986e92868a27548a31e88f7692e746cd7e86f39a,Change,3000,1
0x98d29f13d55a9ccb739c1d790dd8d999c8b1baf4,HEYUNSHI,3000,1
0x9d1b4fcf84aacb8a46bbd077c934c4deb843ce35,katana,3000,1
0x9dd90cef80bbabf51881ac10992d878ce999a4bb,theobaldus,3000,1
0xa119fcf53c7fa0bbe1561d6669daa15c17cb34bc,raphael,3000,1
0xa14ebe5fa6c49d912e57e57b285c2769b948e57a,22nn,3000,1
0xa1864d3b30ccc042f418ece524ff893e3f90d195,pochomkushch,3000,1
0xa18bbc2053604fa190ca0ac6e5f9d8f82ca2869b,Sunny,3000,1
0xa24abd2d80cae694bc310757cd8f8467fb888f0d,fjoeo,3000,1
0xa34d0bc3d50c37ce6aee6d4bc979b5091509ae9f,moon,3000,1
0xa39166a41541a14c855c97977292e56017cd50ed,thecryptopack,3000,1
0xa43f40d499c507f95b350784f5b419a03ab09702,flipmode,3000,1
0xa6a1f61a3a06829245be49e86b91b7d0a65d2fa1,NIKOSANT03,3000,1
0xa794391a29a735a7a686492d11cc5bd1aa1737d0,mmkakel,3000,1
0xa7b0a2be08886874b1bda53a670852cd798dba19,BAQI,3000,1
0xa7f1ebcfd086c54c75d20e40611dfd092a3bcff3,bogg,3000,1
0xa8879c580a54f190ed53b43d30de269097ad7543,bigwiid,3000,1
0xa89fed2a2c059e382ecd38dab3d624527f58f4f3,PLOKILLER,3000,1
0xa8dc7e1dd009d10449a2f29a724018e05461b017,DARX,3000,1
0xaaac34d30d6938787c653aafb922bc20bfa9c512,0x0x,3000,1
0xaab8014d6ae67f668c697e75164cb00b155839a0,bando,3000,1
0xab24d9b1f3814a4f007803761364d0af222b9e11,nik_vazovskii,3000,1
0xab769309ebceeda984e666ab727b36211ba02a8a,DANIEL,3000,1
0xabf4ebcb1026ce1b0f10fcd71cd76e2fdb394875,pook,3000,1
0xac063b103b9504523569c0a7f4a43db280d6e5bc,haochen,3000,1
0xadbd96cf1fb3908ddd68f60b790b5416724b27af,leoleo,3000,1
0xae65842124f6e5c1100cba3428c931e4a52ab00f,ARTORIAS,3000,1
0xaea51aebf5dcad77e1921d7be8657892d50860f3,edda,3000,1
0xaf90bd522bd977c1bcb7f9f8bf06ccd2e29dca28,mist,3000,1
0xb0f6e68f04f755fc66ad5008bd21d1aaec1e8452,katsucurry,3000,1
0xb13be9e47c827384dc54e46dbf5a7b967cfd8087,yasugod,3000,1
0xb1a71ee70eae8299bb7b8d7155d90c68f4c8f08e,TIOSAMUEL,3000,1
0xb1e122a8054f2b6913c6134918737ea0f139563d,gostr,3000,1
0xb3623d62ff30fadb5b2e127c07cab0d1b0808276,PiracyData,3000,1
0xb43923375d9397b2ce2ba54fa27a043fb209dfa9,CHICKER,3000,1
0xb44a8ed941521ec3ece50421214edacdff448e4a,LLLLLL5,3000,1
0xb47de499f957e1932c7fee3045df93109fa95246,kaka,3000,1
0xb4dcb6fc54efb15da4a0032bdc95cb59b9ee1df1,ZZZZ,3000,1
0xb5450682fc7c6c55af85df50f9a9fbe4c40664cb,HGIBX,3000,1
0xb5879538a6f03bfc9d3d9442a44dcb23c2dc9de2,DEKOM,3000,1
0xb62c399f6645a001d37a4dce820e5b1b7e671710,drming,3000,1
0xb63ddc0e1f3236f81a8a760f66bb54fac2ceb7b3,ibis,3000,1
0xb662659f465b734871635f3adb2b1c35ff9c4544,Gabriel,3000,1
0xb7bca4dabbaa33935a5ba6bd031005e03fee2b68,SYRINX,3000,1
0xb947adc0455060b85451806bdf63abba862a72d5,bren,3000,1
0xba740c9035ff3c24a69e0df231149c9cd12bae07,tarrence,3000,1
0xbaaea72417f4dc3e0f52a1783b0913d0f3516634,yloo,3000,1
0xbb5d6530409fcd0a3526e4c73dc8966c73ff2acf,keramsky,3000,1
0xbcb881aa8d0b3e786d00d0ae83c52e0ed078dcc3,Flyingtoe,3000,1
0xbd7140b88a306ea97a5d09cabe81960ea11b21b3,NOPH,3000,1
0xbe5b1afae3d69e0b193e18ba75ea27e45af9d681,tecsh,3000,1
0xbea1771efed9d4a80d6ce19aedb70e56dd739b49,VICINAL,3000,1
0xbeb910ae193dc54411747ac236e67d221ff3f1d7,herostone,3000,1
0xbfc9ca1c434ab19e5f75acd2d603dc0621ef64e2,deirip,3000,1
0xc07b4af97b297e541067a4829bb1d8f83214b273,marekdrop,3000,1
0xc10898eda672fdfc4ac0228bb1da9b2bf54c768f,0,3000,1
0xc19be75b8b9152d884987e1b58b3f18a94875396,leon,3000,1
0xc2856650f4a93960d28c7b0b61542c343063f553,fiona,3000,1
0xc2b175ca05da63c55bf8f78c64f618d4b7d83dbd,RASCRYPTO,3000,1
0xc2d9e87e3da5ef040bac6a5c44189a94560b64a2,Umasaman,3000,1
0xc2ead026cb1876291c8b0582fc1e72f83103ea16,rethurd,3000,1
0xc3f30e49c779737670ab1d9d1612228f5938301f,spaceman,3000,1
0xc505842662eca88435c84bd852f22308f8599e39,donsylvester,3000,1
0xc70605e632b39e4d32218972aec5ea2dd8dd5405,therapy,3000,1
0xc83414abb6655320232faa65ea72663dfd7198ec,ohmu,3000,1
0xc8537d420a23ce18356112fc08690097911013e2,sirtk,3000,1
0xc864ec464eb83203818bb1124d0b067111daa622,broken puppy,3000,1
0xc86ba498caffc1c77be9af1b4e47ec7f73d5ae25,ssv777,3000,1
0xc97ab89dcf77c832ac70841b60fa0e081f73ff83,mrdx0,3000,1
0xc9b17030ff058b06c6420fc6b1c73e77ec809898,ZZZZ,3000,1
0xcca1483de241aabb589a908e7bc3e6073699ddef,0xPleiades,3000,1
0xcd8935633d51bbe48dc413217f888806a0a547c5,rute,3000,1
0xce5ad1beaa01e8ba07fa47cc3e8ae1efd7a39bb3,susu,3000,1
0xceb76db7bedb581e0cd2bb7d3e3f3f4ec0d6c3a5,baia,3000,1
0xcf4bfa53466be945926255a36b45fa3491518d95,auday,3000,1
0xcfad3e21494db0c4274f0847fa822ec62d395485,alamalu,3000,1
0xcfdc7b9615d064e34cd3674871c2a16ca08ef00d,gino,3000,1
0xcffb195992c724e7d15142d7d26f8ce3b07ac47d,liyao,3000,1
0xd02aa73df71c14955fdafd7371f77172343742d1,elfujiman,3000,1
0xd14ede4b61195bed37af792dd0e312ab1c9fb2a8,khun,3000,1
0xd16ed9a703c850de5428a4a248291ef72f2e876f,onyx,3000,1
0xd1d543be6017de9c705fb65dd75963e33f82f167,ghost#1,3000,1
0xd20971cffdba751ba01817a8c62b343113283030,bungar,3000,1
0xd3b6a637b6f071555dba110691fab633c8408bd9,xmmkg,3000,1
0xd3e367720d52c08bdb69caaa9ca687cfefbfac60,SANDAOSI,3000,1
0xd49f87dcaacc9ff613ecf6fdc93119ad4372c1f8,gutomartino,3000,1
0xd4be8e1a37c757bb93209b6e226bdeced720b25b,Micha,3000,1
0xd56cc607c5377ea9dfde715bc6f7e7ddc1f9d081,sonidoaspero,3000,1
0xd5e75b4e1e046b7af5d6df950e42c08fdf6c801d,homd,3000,1
0xd6f048f6b86ee3ec041776dc0a1e67f51cb1dd47,BUGS,3000,1
0xd78910c72ad46747dfef5d11bf837637c1074a2a,det3,3000,1
0xd7b6733281410c69d9a4d8e5385b7f912aee6fde,HAVE,3000,1
0xd81f296c6bbf9ab5752058186264d11134e0d39c,YUZHUN,3000,1
0xda49dd3f3d0f945418b218487a555433433a8da3,FISH,3000,1
0xda4a3e2ef4cbf5a1a49650de77fe8109d50f2950,GLevente,3000,1
0xda75125401e3c72866d5e993a974e7129144c3df,watric,3000,1
0xdaa1fe15223d9f50969740cd81f17d3c7a774581,mmmmmmns,3000,1
0xdb959dd066dba3e7299381282978fb9230678ee9,hihowareyouman,3000,1
0xdb970b15431ea74c651139cf64e1cbdf44e12ea4,LLLLLL2,3000,1
0xdbfbead511e27319325ace480ff428531b55d8e9,Elfreakz,3000,1
0xdc1cc4c84ff6e1872f5f966caffde4d361496e5a,ICEYRIM,3000,1
0xdfc1b6a8259769f173f30644541c2ed50f5360ab,TURIOIS,3000,1
0xdfc32d78feda19ba95ce965dee853e33243c0e8c,zomglings,3000,1
0xdfe9778e0858a55c635fd3540976e13d89ac5df4,YOTWARIDS,3000,1
0xe025e9341ecdbded104976466fadf01aaa1da380,AIXUMARA,3000,1
0xe04cd1328537b850cda096c67d6576e26b3e778c,longpang,3000,1
0xe05149b1f3fc90b1832106233616abf1eed1a127,marc,3000,1
0xe085327c5ad2f77147f10973fed45fb19d734f7e,minion0x,3000,1
0xe16c280d2568e74ec2684bf1845fed594d8c213d,glockchain,3000,1
0xe23e855934f59a10a5025f32a1969d3c4229d47f,bruh,3000,1
0xe25ec04cf22338465569e1b3605d8a7434199bad,spearlady,3000,1
0xe281665477e27e21dd6e96e9736f1e6af7cbe999,mame,3000,1
0xe2d6aff297b41881c1aea9599f68aedfab38c651,truongx,3000,1
0xe3be6ab2f9c45d9854c1365e0edee84665199b01,Johnzx,3000,1
0xe43a0cc817687c0b853696f16ccfaba524166354,Brandon,3000,1
0xe448d9d70efe95714e38d210e58d458dab0a77d5,Dim2013,3000,1
0xe459fcba06bb8210de26d20c328d49e687acc34b,e459f,3000,1
0xe5aedd6520c4d4e0cb4ee78784a0187d34d55adc,Hero Fang,3000,1
0xe6228dfa20400f8988d71bcd6c8460ed13a7c49f,joey,3000,1
0xe626e8ca82603e3b44751f8562b5ed126d345140,Enter Game,3000,1
0xe679d21696f2d833e1d92cf44f88a78e796756a3,amir0,3000,1
0xe6c071051885b9e4fa20ae5629d8af26a2f3a32a,tremp,3000,1
0xe7b30a037f5598e4e73702ca66a59af5cc650dcd,parseb,3000,1
0xe7db355abfa3c3eee7e570ce4bcffadeca6e1c0b,Dope,3000,1
0xe8f7077c93c74768a2001a78741d415dee046c7b,senlin,3000,1
0xe9f05a84376a4f3f977aa908ca06635d9d0e6988,bingbong,3000,1
0xecee0fd842ba7f171d5fdc58cc581b8fb8585b50,quasarr9,3000,1
0xed308cba57492271b816f5eae9b4929f023fd0e1,DMLIU,3000,1
0xed4f97ab2951dfb0a1139273e6546a9512e9bee4,Sonin,3000,1
0xedb88f83435184f83c4637aa504809cccd4d5d40,wukongnofomo,3000,1
0xedf7b675a2fe3c27efb263fb4c204a3f0fb17d46,SHOOT,3000,1
0xee2270148e5cd4e5a3e8f06cd0868cb6c698876b,‚ç•lamide#@! . ‚ôü,3000,1
0xeec62edc33489ca70964797e16a894cd649427b9,runny,3000,1
0xeef8083581242278fb908753d8bb2119ebeecf35,onium,3000,1
0xef42cf85be6adf3081ada73af87e27996046fe63,musnit,3000,1
0xf088cc9e3f6efd2437bb59e78bb80fe385e9cfe5,Mike,3000,1
0xf0968e05ecad79f2b8878dbb4255c6aeec78d97c,loogs,3000,1
0xf0d3ab244ac60eb2d6cdb5457518bf556dcc60f3,enter,3000,1
0xf13ea6ec21d5e6ee9ff661f25e7758d5aeef2fd0,BIU64,3000,1
0xf1653323d095392caa4f8787943d84b4690c5e41,karaket,3000,1
0xf19e6b923fbc42f34b522324954ef2c747618d96,OwnerOfJK,3000,1
0xf26419772dc2e92d936788894ce12a332eee07d7,maquee,3000,1
0xf276901d91b3ffe54d52397c2658fba82f1941da,dimi,3000,1
0xf2aea62faeb46007cac99baa947632c229b6eccc,galaxy,3000,1
0xf31e1eb705e4378d3a109ecd74a906e2adc7c0f4,deczard,3000,1
0xf329aa502b259a1571ba1b3c08f49a511beffab8,8888,3000,1
0xf391eee70a073e9ed53ebd3b9836644fdfe1b7c6,alex,3000,1
0xf472927db4dbfb212726c668c434b4311823a650,dragos,3000,1
0xf4f9ff5b138223178d399c5f87e48d00467d8f1e,LLLLLL6,3000,1
0xf5fa0f11364cc7695c2e8c3f7c9a7de3ea2483f1,klif,3000,1
0xf645410a9cf0bd97b98d0b1d81a716ae2956971d,ninjatron,3000,1
0xf690816fa08752f95d0fb200b8059e873634401b,jonnirazdva,3000,1
0xf6b9a77fbfc0e6996ecc8fc2cf2ba06cbb5fbf90,kombucha,3000,1
0xf7555e15fa0eee406e7a960546cae5b9a99d953f,korazan,3000,1
0xf76c5c81ce5a89066a85e9d6e7803ea93bb1d421,tokyo,3000,1
0xf7c04a39e47c7ea9d6888f9389ea85846e22ae1a,fuuu,3000,1
0xf89e8bc23e36c13577905eace9e6b053e95551a5,artur,3000,1
0xf8ea18f8fa1d7a765e5430f0f62419a0375c92f2,vanishk,3000,1
0xf943ebfa33d63376123335ad2096aee6d3ac1374,kohei,3000,1
0xf9a4800cf61aa3b4b44e88dbfb333af2d9c6447b,050nor,3000,1
0xfae6f9e381f91de413430d026e6a522a2fb2e0b8,aarompy,3000,1
0xfaf4733d949b5f13c4cdf071a4fee89dca4be8a0,luckycat,3000,1
0xfb26397232d3fe044836a7390c3dc9af8565a465,dave,3000,1
0xfbd08fd2b2c7148b4e38624158c3155b5b49f886,hakka,3000,1
0xfc423ea96c09ca4332a7349f4ce3c573beb324ad,zhiw,3000,1
0xfde6668cc4273f42760c9cd08e224685d7c273a2,niki,3000,1
0xfe7e30e287c1558492fc6b7cf9289e6f396435b7,nice,3000,1
0xfe97d2c367c337b97fac039f2b2a052f3d10989c,goblin,3000,1
0xfed8d7e19b4518c635ef24fc04eac3ef24ee0c45,YEYE,3000,1
0xff16d64179a02d6a56a1183a28f1d6293646e2dd,plor,3000,1
0xfff5086e00bc92ee04826b0f5398ebbdb8ea4000,0xfff,3000,1
